volume_number,start_page_label,start_page_index,page_length,macropaedia_contents_name,suggested_propaedia_name,suggested_propaedia_name_occurrence_count,suggested_propaedia_name_match_methods,suggested_propaedia_name_source_pages,suggested_propaedia_name_source_images,alternate_propaedia_names,propaedia_name,propaedia_name_source_image_path,notes
1,1,1,4,ACCOUNTING,,,,,,,,,
1,5,5,1,Ansel ADAMS,,,,,,,,,
1,6,6,3,John ADAMS,,,,,,,,,
1,9,9,15,AESTHETICS,,,,,,,,,
1,24,24,13,AFGHANISTAN,,,,,,,,,
1,37,37,83,AFRICA,,,,,,,,,
1,120A,120,1,AFRICAN AMERICAN LITERATURE,,,,,,,,,
1,121,121,47,AFRICAN ARTS,,,,,,,,,
1,168,168,4,AGRICULTURAL SCIENCES,,,,,,,,,
1,172,172,23,The History of AGRICULTURE,,,,,,,,,
1,195,195,29,ALCOHOL AND DRUG CONSUMPTION,,,,,,,,,
1,224,224,5,ALEXANDER the Great,,,,,,,,,
1,229,229,5,ALEXANDRIA,,,,,,,,,
1,234,234,10,ALGAE,Algae,1,direct,100,propaedia_pages/part_3/propaedia-2010-part-03-photo-03.jpg,,,,
1,244,244,56,ALGEBRA,,,,,,,,,
1,300,300,12,AMERICAN LITERATURE,,,,,,,,,
1,312,312,37,Arts of Native AMERICAN PEOPLES,,,,,,,,,
1,349,349,69,Native American Peoples,,,,,,,,,
1,418,418,18,AMPHIBIANS,Amphibians,1,direct,100,propaedia_pages/part_3/propaedia-2010-part-03-photo-03.jpg,,,,
1,436,436,5,AMSTERDAM,,,,,,,,,
1,441,441,82,ANALYSIS (in Mathematics),,,,,,,,,
1,523,523,80,Physical and Chemical ANALYSIS AND MEASUREMENT,"Analysis and Measurement, Physical and Chemical",3,observed_comma_flip,22 | 26 | 53,propaedia_pages/part_1/propaedia-2010-part-01-photo-01.jpg | propaedia_pages/part_1/propaedia-2010-part-01-photo-02.jpg | propaedia_pages/part_1/propaedia-2010-part-01-photo-11.jpg,,,,
1,603,603,163,ANGIOSPERMS: The Flowering Plants,Angiosperms: The Flowering Plants,1,direct,100,propaedia_pages/part_3/propaedia-2010-part-03-photo-03.jpg,,,,
1,766,766,12,ANIMALS,Animals,3,direct,96 | 100 | 119,propaedia_pages/part_3/propaedia-2010-part-03-photo-01.jpg | propaedia_pages/part_3/propaedia-2010-part-03-photo-03.jpg | propaedia_pages/part_3/propaedia-2010-part-03-photo-08.jpg,,,,
1,778,778,10,ANNELIDS,Annelids,1,direct,100,propaedia_pages/part_3/propaedia-2010-part-03-photo-03.jpg,,,,
1,788,788,17,ANTARCTICA,,,,,,,,,
1,805,805,3,ANTWERP,,,,,,,,,
1,808,808,45,ARABIA,,,,,,,,,
1,853,853,19,ARACHNIDS,Arachnids,1,direct,100,propaedia_pages/part_3/propaedia-2010-part-03-photo-03.jpg,,,,
1,872,872,2,ARCHIMEDES,,,,,,,,,
1,874,874,27,The Art of ARCHITECTURE,,,,,,,,,
1,901,901,,The History of Western ARCHITECTURE,,,,,,,,,
2,1,1,37,The ARCTIC,,,,,,,,,
2,38,38,17,ARGENTINA,,,,,,,,,
2,55,55,17,Aristotle and ARISTOTELIANISM,,,,,,,,,
2,72,72,10,ARITHMETIC,,,,,,,,,
2,82,82,12,ART CONSERVATION AND RESTORATION,,,,,,,,,
2,94,94,14,The History of ART CRITICISM,,,,,,,,,
2,108,108,6,ARTHROPODS,Arthropods,1,direct,100,propaedia_pages/part_3/propaedia-2010-part-03-photo-03.jpg,,,,
2,114,114,8,ARTIFICIAL INTELLIGENCE,,,,,,,,,
2,122,122,6,ASCHELMINTHS,Aschelminths,1,direct,100,propaedia_pages/part_3/propaedia-2010-part-03-photo-03.jpg,,,,
2,128,128,113,ASIA,,,,,,,,,
2,241,241,37,ASIAN PEOPLES AND CULTURES,,,,,,,,,
2,278,278,4,ATATÜRK,,,,,,,,,
2,282,282,7,ATHENS,,,,,,,,,
2,289,289,26,The ATLANTIC OCEAN,,,,,,,,,
2,315,315,24,ATMOSPHERE,Atmosphere,2,direct,74 | 86,propaedia_pages/part_2/propaedia-2010-part-02-photo-05.jpg | propaedia_pages/part_2/propaedia-2010-part-02-photo-10.jpg,,,,
2,339,339,52,"Atoms: Their Structure, Properties, and Component Particles","Atoms: Their Structure, Properties, and Component Particles",2,direct,22 | 26,propaedia_pages/part_1/propaedia-2010-part-01-photo-01.jpg | propaedia_pages/part_1/propaedia-2010-part-01-photo-02.jpg,,,,
2,391,391,6,ATTENTION,,,,,,,,,
2,397,397,5,AUGUSTINE,,,,,,,,,
2,402,402,4,AUGUSTUS,,,,,,,,,
2,406,406,87,AUSTRALIA,,,,,,,,,
2,493,493,8,Literatures of AUSTRALIA AND NEW ZEALAND,,,,,,,,,
2,501,501,38,AUSTRIA,,,,,,,,,
2,539,539,9,AUTOMATA THEORY,,,,,,,,,
2,548,548,10,AUTOMATION,,,,,,,,,
2,558,558,6,BACH,,,,,,,,,
2,564,564,23,Francis BACON,,,,,,,,,
2,587,587,4,BAGHDAD,,,,,,,,,
2,591,591,94,BALKAN STATES,,,,,,,,,
2,685,685,23,BALTIC STATES,,,,,,,,,
2,708,708,3,BANGKOK,,,,,,,,,
2,711,711,10,BANGLADESH,,,,,,,,,
2,721,721,2,BARCELONA,,,,,,,,,
2,723,723,14,BASEBALL,,,,,,,,,
2,737,737,7,BEETHOVEN,,,,,,,,,
2,744,744,85,Animal BEHAVIOUR,"Behaviour, Animal",5,observed_comma_flip,96 | 127 | 130 | 131 | 134,propaedia_pages/part_3/propaedia-2010-part-03-photo-01.jpg | propaedia_pages/part_3/propaedia-2010-part-03-photo-13.jpg | propaedia_pages/part_3/propaedia-2010-part-03-photo-16.jpg | propaedia_pages/part_3/propaedia-2010-part-03-photo-17.jpg | propaedia_pages/part_3/propaedia-2010-part-03-photo-19.jpg,,,,
2,829,829,15,The Development of Human BEHAVIOUR,,,,,,,,,
2,844,844,3,BEIRUT,,,,,,,,,
2,847,847,6,BELARUS,,,,,,,,,
2,853,853,4,BELGIAN LITERATURE,,,,,,,,,
2,857,857,14,BELGIUM,,,,,,,,,
2,871,871,7,BERLIN,,,,,,,,,
2,878,878,20,BEVERAGE PRODUCTION,,,,,,,,,
2,898,898,5,BHUTAN,,,,,,,,,
2,903,903,166,BIBLICAL LITERATUrE and Its Critical Interpretation,,,,,,,,,
2,1069,1069,58,The BIOLOGICAL SCIENCES,"Biological Sciences, The",1,observed_comma_flip,96,propaedia_pages/part_3/propaedia-2010-part-03-photo-01.jpg,,,,
2,1127,1127,,The BIosPHErE and Concepts of Ecology,"Biosphere and Concepts of Ecology, The",2,observed_comma_flip,137 | 138,propaedia_pages/part_3/propaedia-2010-part-03-photo-21.jpg | propaedia_pages/part_3/propaedia-2010-part-03-photo-22.jpg,,,,
3,1,1,112,BIRDS,Birds,1,direct,100,propaedia_pages/part_3/propaedia-2010-part-03-photo-03.jpg,,,,
3,113,113,8,BIRTH CONTROL,,,,,,,,,
3,121,121,4,BISMARCK,,,,,,,,,
3,125,125,30,BLOOD,Blood,1,direct,119,propaedia_pages/part_3/propaedia-2010-part-03-photo-08.jpg,,,,
3,155,155,2,BOHR,,,,,,,,,
3,157,157,12,BOLIVIA,,,,,,,,,
3,169,169,3,BOMBAY (MUMBAI),,,,,,,,,
3,172,172,5,BOSTON,,,,,,,,,
3,177,177,8,BOXING,,,,,,,,,
3,185,185,25,BRAZIL,,,,,,,,,
3,210,210,37,BROADCASTING,,,,,,,,,
3,247,247,5,BRUSSELS,,,,,,,,,
3,252,252,6,BRYOPHYTES,Bryophytes,1,direct,100,propaedia_pages/part_3/propaedia-2010-part-03-photo-03.jpg,,,,
3,258,258,5,BUDAPEST,,,,,,,,,
3,263,263,43,The Buddha and BUDDHISM,,,,,,,,,
3,306,306,6,BUENOS AIRES,,,,,,,,,
3,312,312,28,BUILDING CONSTRUCTION,,,,,,,,,
3,340,340,26,BUSINESS LAW,,,,,,,,,
3,366,366,11,BUSINESS ORGANIZATION,,,,,,,,,
3,377,377,25,The History of the BYZANTINE EMPIRE,,,,,,,,,
3,402,402,5,CAESAR,,,,,,,,,
3,407,407,5,CAIRO,,,,,,,,,
3,412,412,5,CALCUTTA,,,,,,,,,
3,417,417,18,CALENDAR,Calendar,1,direct,58,propaedia_pages/part_1/propaedia-2010-part-01-photo-13.jpg,,,,
3,435,435,5,Calvin and CALVINISM,,,,,,,,,
3,440,440,74,CANADA,,,,,,,,,
3,514,514,5,CANADIAN LITERATURE,,,,,,,,,
3,519,519,9,CANCER,,,,,,,,,
3,528,528,3,CANTON (GUANGZHOU),,,,,,,,,
3,531,531,4,CAPE TOWN,,,,,,,,,
3,535,535,4,CARACAS,,,,,,,,,
3,539,539,14,"CARICATURE, CARTOON, AND COMIC STRIP",,,,,,,,,
3,553,553,8,Descartes and CARTESIANISM,,,,,,,,,
3,561,561,4,Domestic CATS,"Cats, Domestic",1,observed_comma_flip,138,propaedia_pages/part_3/propaedia-2010-part-03-photo-22.jpg,,,,
3,565,565,29,CELLS: Their Structures and Functions,Cells: Their Structures and Functions,7,direct,96 | 113 | 115 | 116 | 118 | 119 | 125,propaedia_pages/part_3/propaedia-2010-part-03-photo-01.jpg | propaedia_pages/part_3/propaedia-2010-part-03-photo-04.jpg | propaedia_pages/part_3/propaedia-2010-part-03-photo-05.jpg | propaedia_pages/part_3/propaedia-2010-part-03-photo-06.jpg | propaedia_pages/part_3/propaedia-2010-part-03-photo-07.jpg | propaedia_pages/part_3/propaedia-2010-part-03-photo-08.jpg | propaedia_pages/part_3/propaedia-2010-part-03-photo-12.jpg,,,,
3,594,594,18,CELTIC LITERATURE,,,,,,,,,
3,612,612,41,CENTRAL AFRICA,,,,,,,,,
3,653,653,48,CENTRAL AMERICA,,,,,,,,,
3,701,701,15,CENTRAL ASIA,,,,,,,,,
3,716,716,21,CENTRAL ASIAN ARTS,,,,,,,,,
3,737,737,4,CERVANTES,,,,,,,,,
3,741,741,4,CHARLEMAGNE,,,,,,,,,
3,745,745,4,CHAUCER,,,,,,,,,
3,749,749,28,CHEMICAL BONDING,,,,,,,,,
3,777,777,155,CHEMICAL COMPOUNDS,Chemical Compounds,3,direct,28 | 32 | 113,propaedia_pages/part_1/propaedia-2010-part-01-photo-03.jpg | propaedia_pages/part_1/propaedia-2010-part-01-photo-04.jpg | propaedia_pages/part_3/propaedia-2010-part-03-photo-04.jpg,,,,
3,932,932,107,CHEMICAL ELEMENTS,Chemical Elements,2,direct,28 | 71,propaedia_pages/part_1/propaedia-2010-part-01-photo-03.jpg | propaedia_pages/part_2/propaedia-2010-part-02-photo-04.jpg,,,,
3,1039,1039,61,CHEMICAL REACTIONS,Chemical Reactions,1,direct,36,propaedia_pages/part_1/propaedia-2010-part-01-photo-05.jpg,,,,
3,1100,1100,,CHESS,,,,,,,,,
4,1,1,8,CHICAGO,,,,,,,,,
4,9,9,12,CHILDHOOD DISEASES,,,,,,,,,
4,21,21,15,CHILE,,,,,,,,,
4,36,36,195,CHINA,,,,,,,,,
4,231,231,10,CHINESE LITERATURE,,,,,,,,,
4,241,241,10,CHORDATES,Chordates,1,direct,100,propaedia_pages/part_3/propaedia-2010-part-03-photo-03.jpg,,,,
4,251,251,116,CHRISTIANITY,,,,,,,,,
4,367,367,4,CHUNGKING (CHONGOING),,,,,,,,,
4,371,371,6,CHURCHILL,,,,,,,,,
4,377,377,41,CIRCULATION AND CIRCULATORY SYSTEMS,Circulation and Circulatory Systems,2,direct,119 | 125,propaedia_pages/part_3/propaedia-2010-part-03-photo-08.jpg | propaedia_pages/part_3/propaedia-2010-part-03-photo-12.jpg,,,,
4,418,418,7,CIRCUS,,,,,,,,,
4,425,425,11,CITIES,,,,,,,,,
4,436,436,87,CLIMATE AND WEATHER,Climate and Weather,1,direct,78,propaedia_pages/part_2/propaedia-2010-part-02-photo-07.jpg,,,,
4,523,523,6,CNIDARIANS,Cnidarians,1,direct,100,propaedia_pages/part_3/propaedia-2010-part-03-photo-03.jpg,,,,
4,529,529,27,COINS AND COINAGE,,,,,,,,,
4,556,556,12,COLLECTIVE BEHAVIOUR,,,,,,,,,
4,568,568,3,COLOGNE,,,,,,,,,
4,571,571,14,COLOMBIA,,,,,,,,,
4,585,585,10,Biological COLORATION,"Coloration, Biological",2,observed_comma_flip,96 | 97,propaedia_pages/part_3/propaedia-2010-part-03-photo-01.jpg | propaedia_pages/part_3/propaedia-2010-part-03-photo-02.jpg,,,,
4,595,595,10,COLOUR,Colour,1,direct,50,propaedia_pages/part_1/propaedia-2010-part-01-photo-10.jpg,,,,
4,605,605,6,COLUMBUS,,,,,,,,,
4,611,611,6,COMMUNICATION,,,,,,,,,
4,617,617,4,COMPUTER CRIME,,,,,,,,,
4,621,621,9,COMPUTER SCIENCE,,,,,,,,,
4,630,630,23,COMPUTERS,,,,,,,,,
4,653,653,10,Confucius and CONFUCIANISM,,,,,,,,,
4,663,663,24,CONSERVATION OF SPECIES,,,,,,,,,
4,687,687,3,CONSTANTINE the Great,,,,,,,,,
4,690,690,5,CONSTITUTION AND CONSTITUTIONAL GOVERNMENT,,,,,,,,,
4,695,695,9,CONSTITUTIONAL LAW,,,,,,,,,
4,704,704,56,CONTINENTAL LANDFORMS,Continental Landforms,2,direct,80 | 84,propaedia_pages/part_2/propaedia-2010-part-02-photo-08.jpg | propaedia_pages/part_2/propaedia-2010-part-02-photo-09.jpg,,,,
4,760,760,2,COPERNICUS,,,,,,,,,
4,762,762,34,The Cosmos,"Cosmos, The",2,observed_comma_flip,53 | 55,propaedia_pages/part_1/propaedia-2010-part-01-photo-11.jpg | propaedia_pages/part_1/propaedia-2010-part-01-photo-12.jpg,,,,
4,796,796,21,CRIME AND PUNISHMENT,,,,,,,,,
4,817,817,5,CRIMINAL LAW,,,,,,,,,
4,822,822,18,The CRUSADES,,,,,,,,,
4,840,840,20,CRUSTACEANS,Crustaceans,1,direct,100,propaedia_pages/part_3/propaedia-2010-part-03-photo-03.jpg,,,,
4,860,860,14,CRYPTOLOGY,,,,,,,,,
4,874,874,20,The Concept and Components of CULTURE,,,,,,,,,
4,894,894,8,CYPRUS,,,,,,,,,
4,902,902,29,CZECH AND SLOVAK REPUBLICS,,,,,,,,,
4,931,931,4,DAMASCUS,,,,,,,,,
4,935,935,23,The Art of DANCE,,,,,,,,,
4,958,958,13,The History of Western DANCE,,,,,,,,,
4,971,971,6,DANTE,,,,,,,,,
4,977,977,5,DARWIN,Darwin,1,direct,97,propaedia_pages/part_3/propaedia-2010-part-03-photo-02.jpg,,,,
4,982,982,,DEATH,Death,2,direct,128 | 135,propaedia_pages/part_3/propaedia-2010-part-03-photo-14.jpg | propaedia_pages/part_3/propaedia-2010-part-03-photo-20.jpg,,,,
5,1,1,220,DECORATIVE ARTS AND FURNISHINGS,,,,,,,,,
5,221,221,5,DELHI,,,,,,,,,
5,226A,226,1,DEMOCRACY,,,,,,,,,
5,227,227,42,DENMARK,,,,,,,,,
5,269,269,46,DICKENS,,,,,,,,,
5,315,315,15,DINOSAURS,Dinosaurs,1,direct,100,propaedia_pages/part_3/propaedia-2010-part-03-photo-03.jpg,,,,
5,330,330,11,DIPLOMACY,,,,,,,,,
5,341,341,53,DISEASE,Disease,1,direct,135,propaedia_pages/part_3/propaedia-2010-part-03-photo-20.jpg,,,,
5,394,394,46,Religious DOCTRINES AND DOGMAS,,,,,,,,,
5,440,440,11,DOGS,Dogs,1,direct,138,propaedia_pages/part_3/propaedia-2010-part-03-photo-22.jpg,,,,
5,451,451,4,DOSTOYEVSKY,,,,,,,,,
5,455,455,5,DRAFTING,,,,,,,,,
5,460,460,18,DRAWING,,,,,,,,,
5,478,478,51,DRESS AND ADORNMENT,,,,,,,,,
5,529,529,32,DRUGS AND DRUG ACTION,Drugs and Drug Action,1,direct,113,propaedia_pages/part_3/propaedia-2010-part-03-photo-04.jpg,,,,
5,561,561,5,DUBLIN,,,,,,,,,
5,566,566,3,DUTCH LITERATURE,,,,,,,,,
5,569,569,46,"The EARTH: Its Properties, Composition, and Structure","Earth, The: Its Properties, Composition, and Structure",11,observed_comma_article_colon,58 | 66 | 67 | 68 | 71 | 76 | 80 | 84 | 86 | 88 | 89,propaedia_pages/part_1/propaedia-2010-part-01-photo-13.jpg | propaedia_pages/part_2/propaedia-2010-part-02-photo-01.jpg | propaedia_pages/part_2/propaedia-2010-part-02-photo-02.jpg | propaedia_pages/part_2/propaedia-2010-part-02-photo-03.jpg | propaedia_pages/part_2/propaedia-2010-part-02-photo-04.jpg | propaedia_pages/part_2/propaedia-2010-part-02-photo-06.jpg | propaedia_pages/part_2/propaedia-2010-part-02-photo-08.jpg | propaedia_pages/part_2/propaedia-2010-part-02-photo-09.jpg | propaedia_pages/part_2/propaedia-2010-part-02-photo-10.jpg | propaedia_pages/part_2/propaedia-2010-part-02-photo-11.jpg | propaedia_pages/part_2/propaedia-2010-part-02-photo-12.jpg,,,,
5,615,615,40,The EARTH SCIENCES,,,,,,,,,
5,655,655,12,EARTHQUAKES,Earthquakes,1,direct,68,propaedia_pages/part_2/propaedia-2010-part-02-photo-03.jpg,,,,
5,667,667,105,EAST ASIAN ARTS,,,,,,,,,
5,772,772,66,EASTERN AFRICA,,,,,,,,,
5,838,838,19,EASTERN ORTHODOXY,,,,,,,,,
5,857,857,9,ECHINODERMS,Echinoderms,1,direct,100,propaedia_pages/part_3/propaedia-2010-part-03-photo-03.jpg,,,,
5,866,866,12,"ECLIPSE, OCCULTATION, AND TRANSIT","Eclipse, Occultation, and Transit",1,direct,58,propaedia_pages/part_1/propaedia-2010-part-01-photo-13.jpg,,,,
5,878,878,30,ECONOMIC GROWTH AND PLANNING,,,,,,,,,
5,908,908,8,ECONOMIC SYSTEMS,,,,,,,,,
5,916,916,37,ECONOMIC THEORY,,,,,,,,,
5,953,953,10,ECUADOR,,,,,,,,,
5,963,963,7,EDINBURGH,,,,,,,,,
5,970,970,,EDISON,,,,,,,,,
6,1H,1,90,History of EDUCATION,,,,,,,,,
6,91,91,54,EGYPT,,,,,,,,,
6,145,145,10,Ancient EGYPTIAN ARTS AND ARCHITECTURE,,,,,,,,,
6,155,155,4,EINSTEIN,,,,,,,,,
6,159,159,36,ELECTRICITY AND MAGNETISM,Electricity and Magnetism,2,direct,47 | 116,propaedia_pages/part_1/propaedia-2010-part-01-photo-09.jpg | propaedia_pages/part_3/propaedia-2010-part-03-photo-06.jpg,,,,
6,195,195,17,ELECTROMAGNETIC RADIATION,Electromagnetic Radiation,2,direct,47 | 50,propaedia_pages/part_1/propaedia-2010-part-01-photo-09.jpg | propaedia_pages/part_1/propaedia-2010-part-01-photo-10.jpg,,,,
6,212,212,3,ELECTRONIC GAMES,,,,,,,,,
6,215,215,28,ELECTRONICS,,,,,,,,,
6,243,243,5,ELIZABETH I of England,,,,,,,,,
6,248,248,9,Human EMoTION,,,,,,,,,
6,257,257,30,ENCYCLOPAEDIAS AND DICTIONARIES,,,,,,,,,
6,287,287,45,ENDOCRINE SYSTEMS,Endocrine Systems,2,direct,119 | 121,propaedia_pages/part_3/propaedia-2010-part-03-photo-08.jpg | propaedia_pages/part_3/propaedia-2010-part-03-photo-09.jpg,,,,
6,332,332,82,ENERGY CONVERSION,Energy Conversion,2,direct,44 | 47,propaedia_pages/part_1/propaedia-2010-part-01-photo-08.jpg | propaedia_pages/part_1/propaedia-2010-part-01-photo-09.jpg,,,,
6,414,414,12,ENGINEERING,,,,,,,,,
6,426,426,40,ENGLISH LITERATURE,,,,,,,,,
6,466,466,6,ENVIRONMENTALISM AND ENVIRONMENTAL LAW,,,,,,,,,
6,472,472,17,EPISTEMOLOGY,,,,,,,,,
6,489,489,3,ERASMUS,,,,,,,,,
6,492,492,30,ETHICS,,,,,,,,,
6,522,522,68,EUROPE,,,,,,,,,
6,590,590,138,EUROPEAN HISTORY AND CULTURE,,,,,,,,,
6,728,728,35,The History of EUROPEAN OVERSEAS EXPLORATION AND EMPIRES,,,,,,,,,
6,763,763,40,Ancient EUROPEAN RELIGIONS,,,,,,,,,
6,803,803,9,Mount EVEREST,,,,,,,,,
6,812,812,43,Human EVOLUTION,"Evolution, Human",1,observed_comma_flip,97,propaedia_pages/part_3/propaedia-2010-part-03-photo-02.jpg,,,,
6,855,855,,The Theory of EVOLUTION,"Evolution, The Theory of",2,observed_comma_flip,96 | 97,propaedia_pages/part_3/propaedia-2010-part-03-photo-01.jpg | propaedia_pages/part_3/propaedia-2010-part-03-photo-02.jpg,,,,
7,1,1,27,EXCRETION AND EXCRETORY SYSTEMS,Excretion and Excretory Systems,2,direct,119 | 125,propaedia_pages/part_3/propaedia-2010-part-03-photo-08.jpg | propaedia_pages/part_3/propaedia-2010-part-03-photo-12.jpg,,,,
7,28,28,5,EXERCISE AND PHYSICAL CONDITIONING,,,,,,,,,
7,33,33,26,EXPLORATION,,,,,,,,,
7,59,59,17,FAMILY AND KINSHIP,,,,,,,,,
7,76,76,8,FAMILY LAW,,,,,,,,,
7,84,84,3,FARADAY,,,,,,,,,
7,87,87,73,FArMIng and Agricultural Technology,Farming and Agricultural Technology,1,direct,138,propaedia_pages/part_3/propaedia-2010-part-03-photo-22.jpg,,,,
7,160,160,3,FEMINISM,,,,,,,,,
7,163,163,16,FERNS AND OTHER LOWER VASCULAR PLANTS,Ferns and Other Lower Vascular Plants,1,direct,100,propaedia_pages/part_3/propaedia-2010-part-03-photo-03.jpg,,,,
7,179,179,13,FINLAND,,,,,,,,,
7,192,192,85,FISHES,Fishes,1,direct,100,propaedia_pages/part_3/propaedia-2010-part-03-photo-03.jpg,,,,
7,277,277,17,Commercial FISHING,,,,,,,,,
7,294,294,6,FLATWORMS: Phylum Platyhelminthes,Flatworms: Phylum Platyhelminthes,1,direct,100,propaedia_pages/part_3/propaedia-2010-part-03-photo-03.jpg,,,,
7,300,300,6,FLORENCE,,,,,,,,,
7,306,306,33,FOLK ARTS,,,,,,,,,
7,339,339,68,FOOD PROCESSING,,,,,,,,,
7,407,407,3,Henry FORD,,,,,,,,,
7,410,410,17,FORESTRY AND WOOD PRODUCTION,Forestry and Wood Production,1,direct,138,propaedia_pages/part_3/propaedia-2010-part-03-photo-22.jpg,,,,
7,427,427,104,FRANCE,,,,,,,,,
7,531,531,3,FRANKLIN,,,,,,,,,
7,534,534,5,FREDERICK the Great,,,,,,,,,
7,539,539,27,FRENCH LITERATURE,,,,,,,,,
7,566,566,6,FREUD,,,,,,,,,
7,572,572,25,Fossil FUELS,"Fuels, Fossil",1,observed_comma_flip,71,propaedia_pages/part_2/propaedia-2010-part-02-photo-04.jpg,,,,
7,597,597,14,FUNGI,Fungi,2,direct,96 | 100,propaedia_pages/part_3/propaedia-2010-part-03-photo-01.jpg | propaedia_pages/part_3/propaedia-2010-part-03-photo-03.jpg,,,,
7,611,611,27,GALAXIES,Galaxies,1,direct,55,propaedia_pages/part_1/propaedia-2010-part-01-photo-12.jpg,,,,
7,638,638,3,GALILEO,,,,,,,,,
7,641,641,7,GAME THEORY,,,,,,,,,
7,648,648,5,GANDHI,,,,,,,,,
7,653,653,17,GARDEN AND LANDSCAPE DESIGN,,,,,,,,,
7,670,670,19,GARDENING AND HORTICULTURE,Gardening and Horticulture,1,direct,138,propaedia_pages/part_3/propaedia-2010-part-03-photo-22.jpg,,,,
7,689,689,8,GASTRONOMY,,,,,,,,,
7,697,697,2,GAUSS,,,,,,,,,
7,699,699,42,The Principles of GENETICS AND HEREDITY,"Genetics and Heredity, The Principles of",2,observed_comma_flip,96 | 129,propaedia_pages/part_3/propaedia-2010-part-03-photo-01.jpg | propaedia_pages/part_3/propaedia-2010-part-03-photo-15.jpg,,,,
7,741,741,4,GENEVA,,,,,,,,,
7,745,745,132,GENGHIS KHAN,,,,,,,,,
7,877,877,10,GEOGRAPHY,,,,,,,,,
7,887,887,,GEOMETRY,,,,,,,,,
8,1,1,26,GEOMORPHIC PROCESSES,Geomorphic Processes,1,direct,84,propaedia_pages/part_2/propaedia-2010-part-02-photo-09.jpg,,,,
8,27,27,12,GERMAN LITERATURE,,,,,,,,,
8,39,39,92,GERMANY,,,,,,,,,
8,131,131,2,GLOBAL WARMING,,,,,,,,,
8,133,133,5,GLOBALIZATION AND CULTURE,,,,,,,,,
8,138,138,3,GOETHE,,,,,,,,,
8,141,141,7,The Forms of GovERNMENT: Their Historical Development,,,,,,,,,
8,148,148,12,GOVERNMENT FINANCE,,,,,,,,,
8,160,160,9,GRAPHIC DESIGN,,,,,,,,,
8,169,169,9,GRAVITATION,Gravitation,1,direct,53,propaedia_pages/part_1/propaedia-2010-part-01-photo-11.jpg,,,,
8,178,178,27,GREECE,,,,,,,,,
8,205,205,137,Ancient GREEK AND RoMAN CIVILIZATIONS,,,,,,,,,
8,342,342,10,"The Classical GREEK DRAMATISTS: Aeschylus, Sophocles, Euripides, and Aristophanes",,,,,,,,,
8,352,352,9,GREEK LITERATURE,,,,,,,,,
8,361,361,80,Biological GRowTH AND DevELOPMENT,"Growth and Development, Biological",2,observed_comma_flip,96 | 128,propaedia_pages/part_3/propaedia-2010-part-03-photo-01.jpg | propaedia_pages/part_3/propaedia-2010-part-03-photo-14.jpg,,,,
8,441,441,6,GUYANA,,,,,,,,,
8,447,447,19,GYMNOSPERMS,Gymnosperms,1,direct,100,propaedia_pages/part_3/propaedia-2010-part-03-photo-03.jpg,,,,
8,466,466,6,The House of HABSBURG,,,,,,,,,
8,472,472,3,HAMBURG,,,,,,,,,
8,475A,475,1,HARLEM RENAISSANCE,,,,,,,,,
8,476,476,3,HARVEY,,,,,,,,,
8,479,479,4,HAVANA,,,,,,,,,
8,483,483,4,HEBREW LITERATURE,,,,,,,,,
8,487,487,11,Hegel and HEGELIANISM,,,,,,,,,
8,498,498,2,HEISENBERG,,,,,,,,,
8,500,500,3,HELMHOLTZ,,,,,,,,,
8,503,503,16,HERALDRY,,,,,,,,,
8,519,519,40,HINDUISM,,,,,,,,,
8,559,559,65,The Study of HISTORY,,,,,,,,,
8,624,624,5,HITLER,,,,,,,,,
8,629,629,6,The HOLOCAUST,,,,,,,,,
8,635,635,4,The HOMERIC EPICS,,,,,,,,,
8,639,639,7,HONG KONG,,,,,,,,,
8,646,646,10,HORSES AND HORSEMANSHIP,Horses and Horsemanship,1,direct,138,propaedia_pages/part_3/propaedia-2010-part-03-photo-22.jpg,,,,
8,656,656,9,HUMAN RIGHTS,,,,,,,,,
8,665,665,13,HUMANISM,,,,,,,,,
8,678,678,4,HUME,,,,,,,,,
8,682,682,7,HUMOUR AND WIT,,,,,,,,,
8,689,689,4,HUNGARIAN LITERATURE,,,,,,,,,
8,693,693,22,HUNGARY,,,,,,,,,
8,715,715,17,The HYDROSPHERE,"Hydrosphere, The",1,observed_comma_flip,76,propaedia_pages/part_2/propaedia-2010-part-02-photo-06.jpg,,,,
8,732,732,28,ICE AND ICE FORMATIONS,Ice and Ice Formations,2,direct,76 | 84,propaedia_pages/part_2/propaedia-2010-part-02-photo-06.jpg | propaedia_pages/part_2/propaedia-2010-part-02-photo-09.jpg,,,,
8,760,760,8,ICELAND,,,,,,,,,
8,768,768,5,IDEOLOGY,,,,,,,,,
8,773,773,,IMMUNITY,Immunity,1,direct,135,propaedia_pages/part_3/propaedia-2010-part-03-photo-20.jpg,,,,
9,176,176,37,INDIA,,,,,,,,,
9,213,213,33,INDUSTRIAL CERAMICS,,,,,,,,,
9,246,246,20,INDONESIA,,,,,,,,,
9,266,266,29,INDUSTRIAL ENGINEERING AND PRODUCTION MANAGEMENT,,,,,,,,,
9,295,295,13,INDUSTRIAL GLASS,,,,,,,,,
9,308,308,36,INDUSTRIAL POLYMERS,,,,,,,,,
9,344,344,41,Extraction and Processing INDUSTRIES,,,,,,,,,
9,385,385,150,Chemical Process INDUSTRIES,,,,,,,,,
9,535,535,35,Manufacturing INDUSTRIES,,,,,,,,,
9,570,570,19,Textile INDUSTRIES,,,,,,,,,
9,589,589,26,INFECTIOUS DISEASES,,,,,,,,,
9,615,615,10,INFORMATION PROCESSING,,,,,,,,,
9,625,625,6,INFORMATION SYSTEMS,,,,,,,,,
9,631,631,7,INFORMATION THEORY,,,,,,,,,
9,638,638,10,INHERITANCE AND SUCCESSION,,,,,,,,,
9,648,648,93,INSECTS,Insects,1,direct,100,propaedia_pages/part_3/propaedia-2010-part-03-photo-03.jpg,,,,
9,741,741,14,INSURANCE,,,,,,,,,
9,755,755,20,INTEGUMENTARY SYSTEMS,Integumentary Systems,2,direct,119 | 123,propaedia_pages/part_3/propaedia-2010-part-03-photo-08.jpg | propaedia_pages/part_3/propaedia-2010-part-03-photo-10.jpg,,,,
9,775,775,6,Human INTELLIGENCE,,,,,,,,,
9,781,781,7,INTELLIGENCE AND COUNTERINTELLIGENCE,,,,,,,,,
9,788,788,9,INTERNATIONAL LAW,,,,,,,,,
9,797,797,103,20th-Century INTERNATIONAL RELATIONS,,,,,,,,,
9,900,900,30,INTERNATIONAL TRADE,,,,,,,,,
9,930,930,42,IRAN,,,,,,,,,
9,972,972,25,IRAQ,,,,,,,,,
9,997,997,,IRELAND,,,,,,,,,
10,1,1,43,Muhammad and the Religion of ISLĂM,,,,,,,,,
10,44,44,59,ISLAMIC ARTS,,,,,,,,,
10,103,103,31,The ISLAMIC WORLD,,,,,,,,,
10,134,134,16,ISRAEL,,,,,,,,,
10,150,150,5,ISTANBUL,,,,,,,,,
10,155,155,10,ITALIAN LITERATURE,,,,,,,,,
10,165,165,82,ITALY,,,,,,,,,
10,247,247,7,JAINISM,,,,,,,,,
10,254,254,4,JAKARTA,,,,,,,,,
10,258,258,54,JAPAN,,,,,,,,,
10,312,312,11,JAPANESE LITERATURE,,,,,,,,,
10,323,323,5,JEFFERSON,,,,,,,,,
10,328,328,8,JERUSALEM,,,,,,,,,
10,336,336,18,JESUS: TheChrist and Christology,,,,,,,,,
10,354,354,4,JOAN OF ARC,,,,,,,,,
10,358,358,5,JOHANNESBURG,,,,,,,,,
10,363,363,7,Samuel JOHNSON,,,,,,,,,
10,370,370,9,JORDAN,,,,,,,,,
10,379,379,78,JUDAISM,,,,,,,,,
10,457,457,12,JUDICIAL AND ARBITRATIONAL SYSTEMS,,,,,,,,,
10,469,469,9,Kant and KANTIANISM,,,,,,,,,
10,478,478,4,KARĀCHI,,,,,,,,,
10,482,482,2,KELVIN,,,,,,,,,
10,484,484,3,KEPLER,,,,,,,,,
10,487,487,4,KIEV,,,,,,,,,
10,491,491,3,KINSHASA,,,,,,,,,
10,494,494,21,KOREA,,,,,,,,,
10,515,515,6,KOREAN LITERATURE,,,,,,,,,
10,521,521,7,The KOREAN WAR,,,,,,,,,
10,528,528,3,KYÕTO,,,,,,,,,
10,531,531,9,LAKES,Lakes,3,direct,76 | 84 | 137,propaedia_pages/part_2/propaedia-2010-part-02-photo-06.jpg | propaedia_pages/part_2/propaedia-2010-part-02-photo-09.jpg | propaedia_pages/part_3/propaedia-2010-part-03-photo-21.jpg,,,,
10,540,540,8,LAND REFORM AND TENURE,,,,,,,,,
10,548,548,24,LANGUAGE,,,,,,,,,
10,572,572,225,LANGUAGES OF THE WORLD,,,,,,,,,
10,797,797,30,The History of LATIN AMERICA,,,,,,,,,
10,827,827,6,LATIN-AMERICAN LITERATURE,,,,,,,,,
10,833,833,8,LATIN LITERATURE,,,,,,,,,
10,841,841,2,LAVOISIER,,,,,,,,,
10,843,843,11,The Profession and Practice of LAW,,,,,,,,,
10,854,854,16,Animal LEARNING,"Learning, Animal",1,observed_comma_flip,131,propaedia_pages/part_3/propaedia-2010-part-03-photo-17.jpg,,,,
10,870,870,19,Human LEARNING AND COGNITION,,,,,,,,,
10,889,889,13,LEBANON,,,,,,,,,
10,902,902,30,The Evolution of Modern Western LEGAL SYSTEMS,,,,,,,,,
10,932,932,7,LENIN,,,,,,,,,
10,939,939,8,LEONARDO DA VINCI,,,,,,,,,
10,947,947,17,LIBRARIES,,,,,,,,,
10,964,964,,LIFE,Life,1,direct,96,propaedia_pages/part_3/propaedia-2010-part-03-photo-01.jpg,,,,
11,29,29,4,LIMA,,,,,,,,,
11,33,33,7,LINCOLN,,,,,,,,,
11,40,40,32,LINGUISTICS,,,,,,,,,
11,72,72,5,LISBON,,,,,,,,,
11,77,77,139,The Art of LITERATURE,,,,,,,,,
11,216,216,5,The History of Western LITERATURE,,,,,,,,,
11,221,221,4,LOCKE,,,,,,,,,
11,225,225,58,The History and Kinds of LOGIC,,,,,,,,,
11,283,283,16,LONDON,,,,,,,,,
11,299,299,6,LOS ANGELES,,,,,,,,,
11,305,305,9,LUTHER,,,,,,,,,
11,314,314,5,LUXEMBOURG,,,,,,,,,
11,319,319,10,MADAGASCAR,,,,,,,,,
11,329,329,5,MADRID,,,,,,,,,
11,334,334,5,MALTA,,,,,,,,,
11,339,339,121,MAMMALS,Mammals,1,direct,100,propaedia_pages/part_3/propaedia-2010-part-03-photo-03.jpg,,,,
11,460,460,4,MANCHESTER,,,,,,,,,
11,464,464,4,MANILA,,,,,,,,,
11,468,468,5,MAO ZEDONG,,,,,,,,,
11,473,473,22,MAPPING AND SURVEYING,,,,,,,,,
11,495,495,14,MARKETING AND MERCHANDISING,,,,,,,,,
11,509,509,17,MARKETS,,,,,,,,,
11,526,526,5,MARSEILLE,,,,,,,,,
11,531,531,13,Marx and MARXISM,,,,,,,,,
11,544,544,8,MASKS,,,,,,,,,
11,552,552,14,MATERIALS SCIENCE,,,,,,,,,
11,566,566,9,The Foundations of MATHEMATICS,,,,,,,,,
11,575,575,5,The History of East Asian MATHEMATICS,,,,,,,,,
11,580,580,3,The History of South Asian MATHEMATICS,,,,,,,,,
11,583,583,29,The History of Western MATHEMATICS,,,,,,,,,
11,612,612,79,"MATTER: Its Properties, States, Varieties, and Behaviour","Matter: Its Properties, States, Varieties, and Behaviour",3,direct,39 | 42 | 44,propaedia_pages/part_1/propaedia-2010-part-01-photo-06.jpg | propaedia_pages/part_1/propaedia-2010-part-01-photo-07.jpg | propaedia_pages/part_1/propaedia-2010-part-01-photo-08.jpg,,,,
11,691,691,2,MAXWELL,,,,,,,,,
11,693,693,5,MEASUREMENT SYSTEMS,,,,,,,,,
11,698,698,4,MECCA AND MEDINA,,,,,,,,,
11,702,702,72,"MECHANICS: Energy, Forces, and Their Effects","Mechanics: Energy, Forces, and Their Effects",1,direct,44,propaedia_pages/part_1/propaedia-2010-part-01-photo-08.jpg,,,,
11,774,774,55,MEDICINE,,,,,,,,,
11,829,829,3,MELBOURNE,,,,,,,,,
11,832,832,9,MEMORY,,,,,,,,,
11,841,841,19,MENTAL DISORDErS and Their Treatment,,,,,,,,,
11,860,860,33,The History of Ancient MESOPOTAMIA,,,,,,,,,
11,893,893,,METABOLISM,Metabolism,2,direct,96 | 115,propaedia_pages/part_3/propaedia-2010-part-03-photo-01.jpg | propaedia_pages/part_3/propaedia-2010-part-03-photo-05.jpg,,,,
12,27,27,24,MEXICO,,,,,,,,,
12,51,51,4,MEXICO CITY,,,,,,,,,
12,55,55,6,MICHELANGELO,,,,,,,,,
12,61,61,13,MICROSCOPES,,,,,,,,,
12,74,74,17,Ancient MIDDLE EASTERN ARTS AND ARCHITECTURE,,,,,,,,,
12,91,91,38,Ancient MIDDLE EASTERN RELIGIONS,,,,,,,,,
12,129,129,5,MILAN,,,,,,,,,
12,134,134,4,MILTON,,,,,,,,,
12,138,138,6,John Stuart MILL,,,,,,,,,
12,144,144,8,MIMICRY,Mimicry,2,direct,96 | 97,propaedia_pages/part_3/propaedia-2010-part-03-photo-01.jpg | propaedia_pages/part_3/propaedia-2010-part-03-photo-02.jpg,,,,
12,152,152,10,The Philosophy of MIND,,,,,,,,,
12,162,162,118,MINERALS AND ROCKS,Minerals and Rocks,3,direct,42 | 67 | 71,propaedia_pages/part_1/propaedia-2010-part-01-photo-07.jpg | propaedia_pages/part_2/propaedia-2010-part-02-photo-02.jpg | propaedia_pages/part_2/propaedia-2010-part-02-photo-04.jpg,,,,
12,280,280,12,MODERNIZATION AND INDUSTRIALIZATION,,,,,,,,,
12,292,292,4,MOLIÈRE,,,,,,,,,
12,296,296,27,MOLLUSKS,Mollusks,1,direct,100,propaedia_pages/part_3/propaedia-2010-part-03-photo-03.jpg,,,,
12,323,323,2,MONET,,,,,,,,,
12,325,325,5,MONEY,,,,,,,,,
12,330,330,13,MONGOLIA,,,,,,,,,
12,343,343,3,MONTAIGNE,,,,,,,,,
12,346,346,4,MONTREAL,,,,,,,,,
12,350,350,11,Moscow,,,,,,,,,
12,361,361,4,MOSES,,,,,,,,,
12,365,365,4,Moss ANIMALS: Phylum Bryozoa,Moss Animals: Phylum Bryozoa,1,direct,100,propaedia_pages/part_3/propaedia-2010-part-03-photo-03.jpg,,,,
12,369,369,67,MOTION PICTURES,,,,,,,,,
12,436,436,9,Human MOTIVATION,,,,,,,,,
12,445,445,35,MOZART,,,,,,,,,
12,480,480,13,MUSEUMS,,,,,,,,,
12,493,493,60,The Art of MusIc,,,,,,,,,
12,553,553,12,The History of Western MUSIC,,,,,,,,,
12,565,565,86,MUSICAL FORMS AND GENRES,,,,,,,,,
12,651,651,56,MUSICAL INSTRUMENTS,,,,,,,,,
12,707,707,8,MYSTERY RELIGIONS,,,,,,,,,
12,715,715,18,MYTH AND MYTHOLOGY,,,,,,,,,
12,733,733,6,NAMES,,,,,,,,,
12,739,739,2,NANKING (NANJING),,,,,,,,,
12,741A,741,1,NANOTECHNOLOGY,,,,,,,,,
12,742,742,6,NAPLES,,,,,,,,,
12,748,748,8,NAPOLEON,,,,,,,,,
12,756,756,11,NAVIGATION,,,,,,,,,
12,767,767,10,NEBULA,Nebula,1,direct,55,propaedia_pages/part_1/propaedia-2010-part-01-photo-12.jpg,,,,
12,777,777,7,NEPAL,,,,,,,,,
12,784,784,80,NERVES AND NERVOUS SYSTEMS,Nerves and Nervous Systems,3,direct,116 | 119 | 121,propaedia_pages/part_3/propaedia-2010-part-03-photo-06.jpg | propaedia_pages/part_3/propaedia-2010-part-03-photo-08.jpg | propaedia_pages/part_3/propaedia-2010-part-03-photo-09.jpg,,,,
12,864,864,33,The NETHERLANDS,,,,,,,,,
12,897,897,5,NEW ORLEANS,,,,,,,,,
12,902,902,14,NEW YORK CITY,,,,,,,,,
12,916,916,15,NEW ZEALAND,,,,,,,,,
12,931,931,5,NEWTON,,,,,,,,,
12,936,936,3,NIETZSCHE,,,,,,,,,
12,939,939,58,NORTH AFRICA,,,,,,,,,
12,997,997,85,NORTH AMERICA,,,,,,,,,
12,1082,1082,,NORWAY,,,,,,,,,
13,1,1,13,NUMBER GAMES and Other Mathematical Recreations,,,,,,,,,
13,14,14,24,NUMBER THEORY,,,,,,,,,
13,38,38,12,NUMERICAL ANALYSIS,,,,,,,,,
13,50,50,26,NUTRITION,Nutrition,1,direct,124,propaedia_pages/part_3/propaedia-2010-part-03-photo-11.jpg,,,,
13,76,76,23,OCCULTISM,,,,,,,,,
13,99,99,5,OCCUPATIONAL DISEASES AND DISORDERS,,,,,,,,,
13,104,104,30,OCEANIC ARTS,,,,,,,,,
13,134,134,63,OCEANS,Oceans,4,direct,76 | 80 | 84 | 137,propaedia_pages/part_2/propaedia-2010-part-02-photo-06.jpg | propaedia_pages/part_2/propaedia-2010-part-02-photo-08.jpg | propaedia_pages/part_2/propaedia-2010-part-02-photo-09.jpg | propaedia_pages/part_3/propaedia-2010-part-03-photo-21.jpg,,,,
13,197,197,5,OLYMPIC GAMES,,,,,,,,,
13,202,202,15,Principles of OPTICS,"Optics, Principles of",1,observed_comma_flip,50,propaedia_pages/part_1/propaedia-2010-part-01-photo-10.jpg,,,,
13,217,217,10,The Mathematical Theory of OPTIMIZATION,,,,,,,,,
13,227,227,4,ÖSAKA-KOBE METROPOLITAN AREA,,,,,,,,,
13,231,231,71,PACIFIC ISLANDS,,,,,,,,,
13,302,302,16,The PACIFIC OCEAN,,,,,,,,,
13,318,318,18,The Art of PAINTING,,,,,,,,,
13,336,336,57,The History of Western PAINTING,,,,,,,,,
13,393,393,14,PAKISTAN,,,,,,,,,
13,407,407,18,PALESTINE,,,,,,,,,
13,425,425,9,PARAGUAY,,,,,,,,,
13,434,434,15,PARIS,,,,,,,,,
13,449,449,9,PARTICLE ACCELERATORS,,,,,,,,,
13,458,458,3,PASCAL,,,,,,,,,
13,461,461,2,PASTEUR,,,,,,,,,
13,463,463,4,The Apostle PAUL,,,,,,,,,
13,467,467,14,PEKING (BELJING),,,,,,,,,
13,481,481,22,Human PERCEPTION,,,,,,,,,
13,503,503,12,PERSONALITY,,,,,,,,,
13,515,515,13,PERU,,,,,,,,,
13,528,528,4,"PETER I the Great, of Russia",,,,,,,,,
13,532,532,5,PHILADELPHIA,,,,,,,,,
13,537,537,13,PHILIPPINES,,,,,,,,,
13,550,550,12,PHILOSOPHICAL ANTHROPOLOGY,,,,,,,,,
13,562,562,90,Western PHILOSOPHICAL SCHOOLS AND DOCTRINES,,,,,,,,,
13,652,652,81,PHILOSOPHIES OF THE BRANCHES OF KNOWLEDGE,,,,,,,,,
13,733,733,28,The History of Western PHILOSOPHY,,,,,,,,,
13,761,761,38,PHOTOGRAPHY,,,,,,,,,
13,799,799,8,PHOTOSYNTHESIS,Photosynthesis,1,direct,96,propaedia_pages/part_3/propaedia-2010-part-03-photo-01.jpg,Photosynthesıs,,,
13,807,807,21,Principles of PHYSICAL SCIENCE,"Physical Science, Principles of",1,observed_comma_flip,22,propaedia_pages/part_1/propaedia-2010-part-01-photo-01.jpg,,,,
13,828,828,32,The PHYSICAL SCIENCES,"Physical Sciences, The",7,observed_comma_flip,22 | 26 | 36 | 39 | 53 | 55 | 58,propaedia_pages/part_1/propaedia-2010-part-01-photo-01.jpg | propaedia_pages/part_1/propaedia-2010-part-01-photo-02.jpg | propaedia_pages/part_1/propaedia-2010-part-01-photo-05.jpg | propaedia_pages/part_1/propaedia-2010-part-01-photo-06.jpg | propaedia_pages/part_1/propaedia-2010-part-01-photo-11.jpg | propaedia_pages/part_1/propaedia-2010-part-01-photo-12.jpg | propaedia_pages/part_1/propaedia-2010-part-01-photo-13.jpg,,,,
13,860,860,5,PICASSO,,,,,,,,,
13,865,865,2,PLANCK,,,,,,,,,
13,867,867,16,PLANTS,Plants,3,direct,96 | 100 | 119,propaedia_pages/part_3/propaedia-2010-part-03-photo-01.jpg | propaedia_pages/part_3/propaedia-2010-part-03-photo-03.jpg | propaedia_pages/part_3/propaedia-2010-part-03-photo-08.jpg,,,,
13,883,883,10,PLATE TECTONICS,Plate Tectonics,2,direct,80 | 86,propaedia_pages/part_2/propaedia-2010-part-02-photo-08.jpg | propaedia_pages/part_2/propaedia-2010-part-02-photo-10.jpg,,,,
13,893,893,15,Plato and PLATONISM,,,,,,,,,
13,908,908,22,POISONS AND POISONING,Poisons and Poisoning,1,direct,113,propaedia_pages/part_3/propaedia-2010-part-03-photo-04.jpg,,,,
13,930,930,27,POLAND,,,,,,,,,
13,957,957,16,POLICE,,,,,,,,,
13,973,973,6,POLISH LITERATURE,,,,,,,,,
13,979,979,12,POLITICAL PARTIES AND INTEREST GROUPS,,,,,,,,,
13,991,991,13,The History of Western POLITICAL PHILOSOPHY,,,,,,,,,
13,1004,1004,28,POLITICAL SYSTEMS,,,,,,,,,
13,1032,1032,2,Jackson POLLOCK,,,,,,,,,
13,1034,1034,10,POPULATION,,,,,,,,,
13,1044,1044,19,PORTUGAL,,,,,,,,,
13,1063,1063,4,PORTUGUESE LITERATURE,,,,,,,,,
13,1067,1067,10,POSTAL SYSTEMS,,,,,,,,,
13,1077,1077,,PRAGUE,,,,,,,,,
14,45,45,26,PREHISTORIC PEOPLES AND CULTURES,,,,,,,,,
14,71,71,41,"PRINTING, TYPOGRAPHY, AND PHOTOENGRAVING",,,,,,,,,
14,112,112,23,PRINTMAKING,,,,,,,,,
14,135,135,14,PROBABILITY THEORY,,,,,,,,,
14,149,149,22,PROCEDURAL LAW,,,,,,,,,
14,171,171,9,PROPAGANDA,,,,,,,,,
14,180,180,26,PROPERTY LAW,,,,,,,,,
14,206,206,62,PROTESTANTISM,,,,,,,,,
14,268,268,11,PROTISTS,Protists,2,direct,96 | 100,propaedia_pages/part_3/propaedia-2010-part-03-photo-01.jpg | propaedia_pages/part_3/propaedia-2010-part-03-photo-03.jpg,,,,
14,279,279,10,PROTOZOA,Protozoa,1,direct,100,propaedia_pages/part_3/propaedia-2010-part-03-photo-03.jpg,,,,
14,289,289,5,PSYCHOLOGICAL TESTS AND MEASUREMENT,,,,,,,,,
14,294,294,16,PUBLIC ADMINISTRATION,,,,,,,,,
14,310,310,7,PUBLIC OPINION,,,,,,,,,
14,317,317,98,PUBLIC WORKS,,,,,,,,,
14,415,415,35,PUBLISHING,,,,,,,,,
14,450,450,8,PUPPETRY,,,,,,,,,
14,458,458,13,RADAR,,,,,,,,,
14,471,471,30,RADIATION,Radiation,1,direct,26,propaedia_pages/part_1/propaedia-2010-part-01-photo-02.jpg,,,,
14,501,501,8,RELATIVITY,Relativity,1,direct,53,propaedia_pages/part_1/propaedia-2010-part-01-photo-11.jpg,,,,
14,509,509,21,The Study and Classification of RELIGIONS,,,,,,,,,
14,530,530,48,Systems of RELIGIOUS AND SPIRITUAL BELIEF,,,,,,,,,
14,578,578,13,RELIGIOUS EXPERIENCE,,,,,,,,,
14,591,591,9,RELIGIOUS SYMBOLISM AND ICONOGRAPHY,,,,,,,,,
14,600,600,9,REMBRANDT VAN RIJN,,,,,,,,,
14,609,609,79,REPRODUCTION AND REPRODUCTIVE SYSTEMS,Reproduction and Reproductive Systems,3,direct,96 | 119 | 127,propaedia_pages/part_3/propaedia-2010-part-03-photo-01.jpg | propaedia_pages/part_3/propaedia-2010-part-03-photo-08.jpg | propaedia_pages/part_3/propaedia-2010-part-03-photo-13.jpg,,,,
14,688,688,37,REPTILES,Reptiles,1,direct,100,propaedia_pages/part_3/propaedia-2010-part-03-photo-03.jpg,,,,
14,725,725,33,RESPIRATION AND RESPIRATORY SYSTEMS,Respiration and Respiratory Systems,2,direct,119 | 125,propaedia_pages/part_3/propaedia-2010-part-03-photo-08.jpg | propaedia_pages/part_3/propaedia-2010-part-03-photo-12.jpg,,,,
14,758,758,7,RHETORIC,,,,,,,,,
14,765,765,5,RIO DE JANEIRO,,,,,,,,,
14,770,770,73,Sacred RITES AND CEREMONIES,,,,,,,,,
14,843,843,27,RIVERS,Rivers,3,direct,76 | 84 | 137,propaedia_pages/part_2/propaedia-2010-part-02-photo-06.jpg | propaedia_pages/part_2/propaedia-2010-part-02-photo-09.jpg | propaedia_pages/part_3/propaedia-2010-part-03-photo-21.jpg,,,,
14,870,870,7,Rock MusIc,,,,,,,,,
14,877,877,37,ROMAN CATHOLICISM,,,,,,,,,
14,914,914,19,ROME,,,,,,,,,
14,933,933,5,Franklin D. ROOSEVELT,,,,,,,,,
14,938,938,5,Jean-Jacques ROUSSEAU,,,,,,,,,
14,943,943,60,RUSSIA,,,,,,,,,
14,1003,1003,9,RUSSIAN LITERATURE,,,,,,,,,
14,1012,1012,2,RUTHERFORD,,,,,,,,,
14,1014,1014,23,SACRED OFFICES AND ORDERS,,,,,,,,,
14,1037,1037,,SAINT PETERSBURG,,,,,,,,,
15,10,10,12,SCANDINAVIAN LITERATUrE,,,,,,,,,
15,22,22,10,Classical SCHOLARSHIP,,,,,,,,,
15,32,32,10,The History of SCIENCE,,,,,,,,,
15,42A,42,1,SCIENCE FICTION,,,,,,,,,
15,43,43,17,The Art of SCULPTURE,,,,,,,,,
15,60,60,55,The History of Western ScuLPTURE,,,,,,,,,
15,115,115,108,SENSORY RECEPTION,Sensory Reception,2,direct,96 | 121,propaedia_pages/part_3/propaedia-2010-part-03-photo-01.jpg | propaedia_pages/part_3/propaedia-2010-part-03-photo-09.jpg,,,,
15,223,223,3,SEOUL,,,,,,,,,
15,226,226,7,SET THEORY,,,,,,,,,
15,233,233,20,SEX AND SEXUALITY,Sex and Sexuality,1,direct,127,propaedia_pages/part_3/propaedia-2010-part-03-photo-13.jpg,,,,
15,253,253,20,SHAKESPEARE,,,,,,,,,
15,273,273,5,SHANGHAI,,,,,,,,,
15,278,278,6,SHINTO,,,,,,,,,
15,284,284,4,SIKHISM,,,,,,,,,
15,288,288,13,SLAVERY,,,,,,,,,
15,301,301,11,SLEEP AND DREAMS,,,,,,,,,
15,312,312,4,Adam SMITH,,,,,,,,,
15,316,316,49,The SOCIAL SCIENCES,,,,,,,,,
15,365,365,7,SOCIAL STRUCTURE AND CHANGE,,,,,,,,,
15,372,372,21,SOCIAL WELFARE,,,,,,,,,
15,393,393,28,Modern SOCIO-ECONOMIC DOCTRINES AND REFORM MOVEMENTS,,,,,,,,,
15,421,421,17,SCOTTISH ENLIGHTENMENT,,,,,,,,,
15,438,438,3,SOCRATES,,,,,,,,,
15,441,441,11,SOILS,Soils,1,direct,84,propaedia_pages/part_2/propaedia-2010-part-02-photo-09.jpg,,,,
15,452,452,104,The SOLAR SYSTEM,"Solar System, The",2,observed_comma_flip,58 | 66,propaedia_pages/part_1/propaedia-2010-part-01-photo-13.jpg | propaedia_pages/part_2/propaedia-2010-part-02-photo-01.jpg,,,,
15,556,556,22,SOUND,Sound,1,direct,50,propaedia_pages/part_1/propaedia-2010-part-01-photo-10.jpg,,,,
15,578,578,56,SOUTH AMERICA,,,,,,,,,
15,634,634,77,SOUTH ASIAN ARTS,,,,,,,,,
15,711,711,84,SOUTHEAST ASIA,,,,,,,,,
15,795,795,43,SOUTHEAST ASIAN ARTS,,,,,,,,,
15,838,838,,SOUTHERN AFRICA,,,,,,,,,
16,1,1,62,SPAIN,,,,,,,,,
16,63,63,9,SPANISH LITERATURE,,,,,,,,,
16,72,72,21,SPEECH,,,,,,,,,
16,93,93,7,SPONGES: Phylum Porifera,Sponges: Phylum Porifera,1,direct,100,propaedia_pages/part_3/propaedia-2010-part-03-photo-03.jpg,,,,
16,100,100,67,Major Team and Individual SPORTS,,,,,,,,,
16,167,167,14,SRI LANKA,,,,,,,,,
16,181,181,4,STALIN,,,,,,,,,
16,185,185,32,STARS AND STAR CLUSTERS,Stars and Star Clusters,1,direct,55,propaedia_pages/part_1/propaedia-2010-part-01-photo-12.jpg,,,,
16,217,217,10,STATISTICS,,,,,,,,,
16,227,227,9,The History of the Eurasian STEPPE,,,,,,,,,
16,236,236,15,SUBATOMIC PARTICLES,Subatomic Particles,1,direct,26,propaedia_pages/part_1/propaedia-2010-part-01-photo-02.jpg,,,,
16,251,251,21,The SUDAN,,,,,,,,,
16,272,272,45,SUPPORTIVE AND CONNECTIVE TISSUES,Supportive and Connective Tissues,2,direct,119 | 123,propaedia_pages/part_3/propaedia-2010-part-03-photo-08.jpg | propaedia_pages/part_3/propaedia-2010-part-03-photo-10.jpg,,,,
16,317,317,4,SURINAME,,,,,,,,,
16,321,321,20,SWEDEN,,,,,,,,,
16,341,341,16,SWITZERLAND,,,,,,,,,
16,357,357,4,SYDNEY,,,,,,,,,
16,361,361,14,SYRIA,,,,,,,,,
16,375,375,8,TAIWAN,,,,,,,,,
16,383,383,14,TAOISM,,,,,,,,,
16,397,397,25,TAXATION,,,,,,,,,
16,422,422,18,TEACHING,,,,,,,,,
16,440,440,33,The History of TECHNOLOGY,,,,,,,,,
16,473,473,32,TELECOMMUNICATIONS SYSTEMS,,,,,,,,,
16,505,505,16,TELESCOPES,,,,,,,,,
16,521,521,16,The Art of the THEATRE,,,,,,,,,
16,537,537,24,The History of Western THEATRE,,,,,,,,,
16,561,561,55,THEATRICAL PRODUCTION,,,,,,,,,
16,616,616,3,THEOLOGY,,,,,,,,,
16,619,619,26,Principles of THERMODYNAMICS,"Thermodynamics, Principles of",1,observed_comma_flip,39,propaedia_pages/part_1/propaedia-2010-part-01-photo-06.jpg,,,,
16,645,645,5,Thomas Aquinas and THOMISM,,,,,,,,,
16,650,650,7,THOUGHT AND THOUGHT PROCESSES,,,,,,,,,
16,657,657,5,TIENTSIN (TIANJIN),,,,,,,,,
16,662,662,12,TIME,,,,,,,,,
16,674,674,4,TITIAN,,,,,,,,,
16,678,678,9,TOKYO-YOKOHAMA METROPOLITAN AREA,,,,,,,,,
16,687,687,5,TOLSTOY,,,,,,,,,
16,692,692,25,TOOLS,,,,,,,,,
16,717,717,24,TOPOLOGY,,,,,,,,,
16,741,741,3,TORONTO,,,,,,,,,
16,744,744,7,TORTS,,,,,,,,,
16,751,751,23,TRANSCAUCASIA,,,,,,,,,
16,774,774,7,Organ and Tissue TRANSPLANTS,,,,,,,,,
16,781,781,108,TRANSPORTATION,,,,,,,,,
16,889,889,14,TRANSPORTATION LAW,,,,,,,,,
16,903,903,11,TREES,Trees,1,direct,137,propaedia_pages/part_3/propaedia-2010-part-03-photo-21.jpg,,,,
16,914,914,6,TRIGONOMETRY,,,,,,,,,
16,920,920,53,TURKEY AND ANCIENT ANATOLIA,,,,,,,,,
16,973,973,25,UKRAINE,,,,,,,,,
16,998,998,,UNION OF SOVIET SOCIALIST REPUBLICS,,,,,,,,,
17,138,138,11,UNITED NATIONS,,,,,,,,,
17,149,149,310,UNITED STATES OF AMERICA,,,,,,,,,
17,459,459,2,UNITED STATES PRESIDENCY AND FIRST LADY,,,,,,,,,
17,461,461,7,URUGUAY,,,,,,,,,
17,468,468,12,VENEZUELA,,,,,,,,,
17,480,480,8,VENICE,,,,,,,,,
17,488,488,5,VICTORIA and the Victorian Age,,,,,,,,,
17,493,493,5,VIENNA,,,,,,,,,
17,498A,498,1,The VIETNAM WAR,,,,,,,,,
17,499,499,3,VIRGIL,,,,,,,,,
17,502,502,1,VIRTUAL REALITY,,,,,,,,,
17,503,503,6,VIRUSES,Viruses,1,direct,100,propaedia_pages/part_3/propaedia-2010-part-03-photo-03.jpg,,,,
17,509,509,15,VOLCANISM,Volcanism,6,direct,67 | 71 | 80 | 84 | 86 | 89,propaedia_pages/part_2/propaedia-2010-part-02-photo-02.jpg | propaedia_pages/part_2/propaedia-2010-part-02-photo-04.jpg | propaedia_pages/part_2/propaedia-2010-part-02-photo-08.jpg | propaedia_pages/part_2/propaedia-2010-part-02-photo-09.jpg | propaedia_pages/part_2/propaedia-2010-part-02-photo-10.jpg | propaedia_pages/part_2/propaedia-2010-part-02-photo-12.jpg,,,,
17,524,524,5,VOLTAIRE,,,,,,,,,
17,529,529,99,The Technology of WAR,,,,,,,,,
17,628,628,68,The Theory and Conduct of WAR,,,,,,,,,
17,696,696,3,WARSAW,,,,,,,,,
17,699,699,8,George WASHINGTON,,,,,,,,,
17,707,707,11,"WASHINGTON, D.C.",,,,,,,,,
17,718,718,3,WELLINGTON,,,,,,,,,
17,721,721,69,The WEST INDIES,,,,,,,,,
17,790,790,125,WESTERN AFRICA,,,,,,,,,
17,915A,915,1,Virginia WOOLF,,,,,,,,,
17,916,916,45,WorK AND EMPLOYMENT,,,,,,,,,
17,961,961,64,The WORLD WARS,,,,,,,,,
17,1025,1025,52,WRITING,,,,,,,,,
17,1077,1077,6,YIDDISH LITERATURE,,,,,,,,,
17,1083,1083,,ZOROASTRIANISM AND PARSIISM,,,,,,,,,
