page,image,title_count,titles,status,missing_titles,extra_titles,notes
22,propaedia_pages/part_1/propaedia-2010-part-01-photo-01.jpg,4,"Analysis and Measurement, Physical and Chemical | Atoms: Their Structure, Properties, and Component Particles | Physical Science, Principles of | Physical Sciences, The",verified,,,
26,propaedia_pages/part_1/propaedia-2010-part-01-photo-02.jpg,5,"Analysis and Measurement, Physical and Chemical | Atoms: Their Structure, Properties, and Component Particles | Physical Sciences, The | Radiation | Subatomic Particles",verified,,,
28,propaedia_pages/part_1/propaedia-2010-part-01-photo-03.jpg,2,Chemical Compounds | Chemical Elements,verified,,,
32,propaedia_pages/part_1/propaedia-2010-part-01-photo-04.jpg,2,Biochemical Components of Organisms | Chemical Compounds,verified,,,
36,propaedia_pages/part_1/propaedia-2010-part-01-photo-05.jpg,2,"Chemical Reactions | Physical Sciences, The",verified,,,
39,propaedia_pages/part_1/propaedia-2010-part-01-photo-06.jpg,3,"Matter: Its Properties, States, Varieties, and Behaviour | Physical Sciences, The | Thermodynamics, Principles of",verified,,,
42,propaedia_pages/part_1/propaedia-2010-part-01-photo-07.jpg,2,"Matter: Its Properties, States, Varieties, and Behaviour | Minerals and Rocks",verified,,,
44,propaedia_pages/part_1/propaedia-2010-part-01-photo-08.jpg,3,"Energy Conversion | Matter: Its Properties, States, Varieties, and Behaviour | Mechanics: Energy, Forces, and Their Effects",verified,,,
47,propaedia_pages/part_1/propaedia-2010-part-01-photo-09.jpg,3,Electricity and Magnetism | Electromagnetic Radiation | Energy Conversion,verified,,,
50,propaedia_pages/part_1/propaedia-2010-part-01-photo-10.jpg,5,"Colour | Electromagnetic Radiation | Light | Optics, Principles of | Sound",verified,,,
53,propaedia_pages/part_1/propaedia-2010-part-01-photo-11.jpg,5,"Analysis and Measurement, Physical and Chemical | Cosmos, The | Gravitation | Physical Sciences, The | Relativity",verified,,,
55,propaedia_pages/part_1/propaedia-2010-part-01-photo-12.jpg,5,"Cosmos, The | Galaxies | Nebula | Physical Sciences, The | Stars and Star Clusters",verified,,,
58,propaedia_pages/part_1/propaedia-2010-part-01-photo-13.jpg,5,"Calendar | Earth, The: Its Properties, Composition, and Structure | Eclipse, Occultation, and Transit | Physical Sciences, The | Solar System, The",verified,,,
66,propaedia_pages/part_2/propaedia-2010-part-02-photo-01.jpg,2,"Earth, The: Its Properties, Composition, and Structure | Solar System, The",verified,,,
67,propaedia_pages/part_2/propaedia-2010-part-02-photo-02.jpg,3,"Earth, The: Its Properties, Composition, and Structure | Minerals and Rocks | Volcanism",verified,,,
68,propaedia_pages/part_2/propaedia-2010-part-02-photo-03.jpg,2,"Earth, The: Its Properties, Composition, and Structure | Earthquakes",verified,,,
71,propaedia_pages/part_2/propaedia-2010-part-02-photo-04.jpg,5,"Chemical Elements | Earth, The: Its Properties, Composition, and Structure | Fuels, Fossil | Minerals and Rocks | Volcanism",verified,,,
74,propaedia_pages/part_2/propaedia-2010-part-02-photo-05.jpg,1,Atmosphere,verified,,,
76,propaedia_pages/part_2/propaedia-2010-part-02-photo-06.jpg,6,"Earth, The: Its Properties, Composition, and Structure | Hydrosphere, The | Ice and Ice Formations | Lakes | Oceans | Rivers",verified,,,
78,propaedia_pages/part_2/propaedia-2010-part-02-photo-07.jpg,1,Climate and Weather,verified,,,
80,propaedia_pages/part_2/propaedia-2010-part-02-photo-08.jpg,5,"Continental Landforms | Earth, The: Its Properties, Composition, and Structure | Oceans | Plate Tectonics | Volcanism",verified,,,
84,propaedia_pages/part_2/propaedia-2010-part-02-photo-09.jpg,9,"Continental Landforms | Earth, The: Its Properties, Composition, and Structure | Geomorphic Processes | Ice and Ice Formations | Lakes | Oceans | Rivers | Soils | Volcanism",verified,,,
86,propaedia_pages/part_2/propaedia-2010-part-02-photo-10.jpg,4,"Atmosphere | Earth, The: Its Properties, Composition, and Structure | Plate Tectonics | Volcanism",verified,,,
88,propaedia_pages/part_2/propaedia-2010-part-02-photo-11.jpg,2,"Earth, The: Its Properties, Composition, and Structure | Geochronology: The Interpretation and Dating of the Geologic Record",verified,,,
89,propaedia_pages/part_2/propaedia-2010-part-02-photo-12.jpg,3,"Earth, The: Its Properties, Composition, and Structure | Geochronology: The Interpretation and Dating of the Geologic Record | Volcanism",verified,,,
96,propaedia_pages/part_3/propaedia-2010-part-03-photo-01.jpg,19,"Animals | Bacteria and Other Monerans | Behaviour, Animal | Biological Sciences, The | Biosphere, The | Cells: Their Structures and Functions | Coloration, Biological | Evolution, The Theory of | Fungi | Genetics and Heredity, The Principles of | Growth and Development, Biological | Life | Metabolism | Mimicry | Photosynthesis | Plants | Protists | Reproduction and Reproductive Systems | Sensory Reception",verified,,,
97,propaedia_pages/part_3/propaedia-2010-part-03-photo-02.jpg,5,"Coloration, Biological | Darwin | Evolution, Human | Evolution, The Theory of | Mimicry",verified,,,
100,propaedia_pages/part_3/propaedia-2010-part-03-photo-03.jpg,32,Algae | Amphibians | Angiosperms: The Flowering Plants | Animals | Annelids | Arachnids | Arthropods | Aschelminths | Bacteria and Other Monerans | Birds | Bryophytes | Chordates | Cnidarians | Crustaceans | Dinosaurs | Echinoderms | Ferns and Other Lower Vascular Plants | Fishes | Flatworms: Phylum Platyhelminthes | Fungi | Gymnosperms | Insects | Lamp Shells: Phylum Brachiopoda | Mammals | Mollusks | Moss Animals: Phylum Bryozoa | Plants | Protists | Protozoa | Reptiles | Sponges: Phylum Porifera | Viruses,pending,,,
113,propaedia_pages/part_3/propaedia-2010-part-03-photo-04.jpg,5,Biochemical Components of Organisms | Cells: Their Structures and Functions | Chemical Compounds | Drugs and Drug Action | Poisons and Poisoning,pending,,,
115,propaedia_pages/part_3/propaedia-2010-part-03-photo-05.jpg,3,Cells: Their Structures and Functions | Metabolism | Photosynthesıs,pending,,,
116,propaedia_pages/part_3/propaedia-2010-part-03-photo-06.jpg,4,Cells: Their Structures and Functions | Electricity and Magnetism | Muscles and Muscle Systems | Nerves and Nervous Systems,pending,,,
118,propaedia_pages/part_3/propaedia-2010-part-03-photo-07.jpg,1,Cells: Their Structures and Functions,pending,,,
119,propaedia_pages/part_3/propaedia-2010-part-03-photo-08.jpg,14,Animals | Blood | Cells: Their Structures and Functions | Circulation and Circulatory Systems | Digestion and Digestive Systems | Endocrine Systems | Excretion and Excretory Systems | Integumentary Systems | Muscles and Muscle Systems | Nerves and Nervous Systems | Plants | Reproduction and Reproductive Systems | Respiration and Respiratory Systems | Supportive and Connective Tissues,pending,,,
121,propaedia_pages/part_3/propaedia-2010-part-03-photo-09.jpg,3,Endocrine Systems | Nerves and Nervous Systems | Sensory Reception,pending,,,
123,propaedia_pages/part_3/propaedia-2010-part-03-photo-10.jpg,3,Integumentary Systems | Muscles and Muscle Systems | Supportive and Connective Tissues,pending,,,
124,propaedia_pages/part_3/propaedia-2010-part-03-photo-11.jpg,2,Digestion and Digestive Systems | Nutrition,pending,,,
125,propaedia_pages/part_3/propaedia-2010-part-03-photo-12.jpg,4,Cells: Their Structures and Functions | Circulation and Circulatory Systems | Excretion and Excretory Systems | Respiration and Respiratory Systems,pending,,,
127,propaedia_pages/part_3/propaedia-2010-part-03-photo-13.jpg,3,"Behaviour, Animal | Reproduction and Reproductive Systems | Sex and Sexuality",pending,,,
128,propaedia_pages/part_3/propaedia-2010-part-03-photo-14.jpg,2,"Death | Growth and Development, Biological",pending,,,
129,propaedia_pages/part_3/propaedia-2010-part-03-photo-15.jpg,1,"Genetics and Heredity, The Principles of",pending,,,
130,propaedia_pages/part_3/propaedia-2010-part-03-photo-16.jpg,1,"• Behaviour, Animal",pending,,,
131,propaedia_pages/part_3/propaedia-2010-part-03-photo-17.jpg,2,"Behaviour, Animal | Learning, Animal",pending,,,
133,propaedia_pages/part_3/propaedia-2010-part-03-photo-18.jpg,1,"Biosphere,The",pending,,,
134,propaedia_pages/part_3/propaedia-2010-part-03-photo-19.jpg,2,"Behaviour, Animal | Biosphere, The",pending,,,
135,propaedia_pages/part_3/propaedia-2010-part-03-photo-20.jpg,3,Death | Disease | Immunity,pending,,,
137,propaedia_pages/part_3/propaedia-2010-part-03-photo-21.jpg,5,"Biosphere and Concepts of Ecology, The | Lakes | Oceans | Rivers | Trees",pending,,,
138,propaedia_pages/part_3/propaedia-2010-part-03-photo-22.jpg,8,"Biosphere and Concepts of Ecology, The | Cats, Domestic | Conservation of Natural Resources | Dogs | Farming and Agricultural Technology | Forestry and Wood Production | Gardening and Horticulture | Horses and Horsemanship",pending,,,
