volume_number,start_page_label,macropaedia_contents_name,observed_propaedia_name,match_method,extraction_method,part_number,capture_sequence,propaedia_page_reference,source_image_relative_path
1,523,Physical and Chemical ANALYSIS AND MEASUREMENT,"Analysis and Measurement, Physical and Chemical",observed_comma_flip,single_ocr_line,1,1,22,propaedia_pages/part_1/propaedia-2010-part-01-photo-01.jpg
2,339,"Atoms: Their Structure, Properties, and Component Particles","Atoms: Their Structure, Properties, and Component Particles",direct,single_ocr_line,1,1,22,propaedia_pages/part_1/propaedia-2010-part-01-photo-01.jpg
13,807,Principles of PHYSICAL SCIENCE,"Physical Science, Principles of",observed_comma_flip,single_ocr_line,1,1,22,propaedia_pages/part_1/propaedia-2010-part-01-photo-01.jpg
13,828,The PHYSICAL SCIENCES,"Physical Sciences, The",observed_comma_flip,single_ocr_line,1,1,22,propaedia_pages/part_1/propaedia-2010-part-01-photo-01.jpg
14,471,RADIATION,Radiation,direct,single_ocr_line,1,2,26,propaedia_pages/part_1/propaedia-2010-part-01-photo-02.jpg
1,523,Physical and Chemical ANALYSIS AND MEASUREMENT,"Analysis and Measurement, Physical and Chemical",observed_comma_flip,single_ocr_line,1,2,26,propaedia_pages/part_1/propaedia-2010-part-01-photo-02.jpg
16,236,SUBATOMIC PARTICLES,Subatomic Particles,direct,combined_fragment_titles,1,2,26,propaedia_pages/part_1/propaedia-2010-part-01-photo-02.jpg
2,339,"Atoms: Their Structure, Properties, and Component Particles","Atoms: Their Structure, Properties, and Component Particles",direct,single_ocr_line,1,2,26,propaedia_pages/part_1/propaedia-2010-part-01-photo-02.jpg
13,828,The PHYSICAL SCIENCES,"Physical Sciences, The",observed_comma_flip,single_ocr_line,1,2,26,propaedia_pages/part_1/propaedia-2010-part-01-photo-02.jpg
3,777,CHEMICAL COMPOUNDS,Chemical Compounds,direct,single_ocr_line,1,3,28,propaedia_pages/part_1/propaedia-2010-part-01-photo-03.jpg
3,932,CHEMICAL ELEMENTS,Chemical Elements,direct,single_ocr_line,1,3,28,propaedia_pages/part_1/propaedia-2010-part-01-photo-03.jpg
2,1007,Biochemical Components of Organisms,Biochemical Components of Organisms,direct,single_ocr_line,1,4,32,propaedia_pages/part_1/propaedia-2010-part-01-photo-04.jpg
3,777,CHEMICAL COMPOUNDS,Chemical Compounds,direct,single_ocr_line,1,4,32,propaedia_pages/part_1/propaedia-2010-part-01-photo-04.jpg
3,1039,CHEMICAL REACTIONS,Chemical Reactions,direct,single_ocr_line,1,5,36,propaedia_pages/part_1/propaedia-2010-part-01-photo-05.jpg
13,828,The PHYSICAL SCIENCES,"Physical Sciences, The",observed_comma_flip,single_ocr_line,1,5,36,propaedia_pages/part_1/propaedia-2010-part-01-photo-05.jpg
11,612,"MATTER: Its Properties, States, Varieties, and Behaviour","Matter: Its Properties, States, Varieties, and Behaviour",direct,single_ocr_line,1,6,39,propaedia_pages/part_1/propaedia-2010-part-01-photo-06.jpg
13,828,The PHYSICAL SCIENCES,"Physical Sciences, The",observed_comma_flip,single_ocr_line,1,6,39,propaedia_pages/part_1/propaedia-2010-part-01-photo-06.jpg
16,619,Principles of THERMODYNAMICS,"Thermodynamics, Principles of",observed_comma_flip,single_ocr_line,1,6,39,propaedia_pages/part_1/propaedia-2010-part-01-photo-06.jpg
11,612,"MATTER: Its Properties, States, Varieties, and Behaviour","Matter: Its Properties, States, Varieties, and Behaviour",direct,single_ocr_line,1,7,42,propaedia_pages/part_1/propaedia-2010-part-01-photo-07.jpg
12,162,MINERALS AND ROCKS,Minerals and Rocks,direct,single_ocr_line,1,7,42,propaedia_pages/part_1/propaedia-2010-part-01-photo-07.jpg
6,332,ENERGY CONVERSION,Energy Conversion,direct,single_ocr_line,1,8,44,propaedia_pages/part_1/propaedia-2010-part-01-photo-08.jpg
11,612,"MATTER: Its Properties, States, Varieties, and Behaviour","Matter: Its Properties, States, Varieties, and Behaviour",direct,single_ocr_line,1,8,44,propaedia_pages/part_1/propaedia-2010-part-01-photo-08.jpg
11,702,"MECHANICS: Energy, Forces, and Their Effects","Mechanics: Energy, Forces, and Their Effects",direct,single_ocr_line,1,8,44,propaedia_pages/part_1/propaedia-2010-part-01-photo-08.jpg
6,332,ENERGY CONVERSION,Energy Conversion,direct,single_ocr_line,1,9,47,propaedia_pages/part_1/propaedia-2010-part-01-photo-09.jpg
6,159,ELECTRICITY AND MAGNETISM,Electricity and Magnetism,direct,single_ocr_line,1,9,47,propaedia_pages/part_1/propaedia-2010-part-01-photo-09.jpg
6,195,ELECTROMAGNETIC RADIATION,Electromagnetic Radiation,direct,single_ocr_line,1,9,47,propaedia_pages/part_1/propaedia-2010-part-01-photo-09.jpg
4,595,COLOUR,Colour,direct,single_ocr_line,1,10,50,propaedia_pages/part_1/propaedia-2010-part-01-photo-10.jpg
6,195,ELECTROMAGNETIC RADIATION,Electromagnetic Radiation,direct,single_ocr_line,1,10,50,propaedia_pages/part_1/propaedia-2010-part-01-photo-10.jpg
13,202,Principles of OPTICS,"Optics, Principles of",observed_comma_flip,single_ocr_line,1,10,50,propaedia_pages/part_1/propaedia-2010-part-01-photo-10.jpg
15,556,SOUND,Sound,direct,single_ocr_line,1,10,50,propaedia_pages/part_1/propaedia-2010-part-01-photo-10.jpg
11,1,LIGHT,Light,direct,single_ocr_line,1,10,50,propaedia_pages/part_1/propaedia-2010-part-01-photo-10.jpg
1,523,Physical and Chemical ANALYSIS AND MEASUREMENT,"Analysis and Measurement, Physical and Chemical",observed_comma_flip,single_ocr_line,1,11,53,propaedia_pages/part_1/propaedia-2010-part-01-photo-11.jpg
4,762,The Cosmos,"Cosmos, The",observed_comma_flip,single_ocr_line,1,11,53,propaedia_pages/part_1/propaedia-2010-part-01-photo-11.jpg
8,169,GRAVITATION,Gravitation,direct,single_ocr_line,1,11,53,propaedia_pages/part_1/propaedia-2010-part-01-photo-11.jpg
13,828,The PHYSICAL SCIENCES,"Physical Sciences, The",observed_comma_flip,single_ocr_line,1,11,53,propaedia_pages/part_1/propaedia-2010-part-01-photo-11.jpg
14,501,RELATIVITY,Relativity,direct,single_ocr_line,1,11,53,propaedia_pages/part_1/propaedia-2010-part-01-photo-11.jpg
4,762,The Cosmos,"Cosmos, The",observed_comma_flip,single_ocr_line,1,12,55,propaedia_pages/part_1/propaedia-2010-part-01-photo-12.jpg
7,611,GALAXIES,Galaxies,direct,single_ocr_line,1,12,55,propaedia_pages/part_1/propaedia-2010-part-01-photo-12.jpg
12,767,NEBULA,Nebula,direct,single_ocr_line,1,12,55,propaedia_pages/part_1/propaedia-2010-part-01-photo-12.jpg
13,828,The PHYSICAL SCIENCES,"Physical Sciences, The",observed_comma_flip,single_ocr_line,1,12,55,propaedia_pages/part_1/propaedia-2010-part-01-photo-12.jpg
16,185,STARS AND STAR CLUSTERS,Stars and Star Clusters,direct,single_ocr_line,1,12,55,propaedia_pages/part_1/propaedia-2010-part-01-photo-12.jpg
3,417,CALENDAR,Calendar,direct,single_ocr_line,1,13,58,propaedia_pages/part_1/propaedia-2010-part-01-photo-13.jpg
5,569,"The EARTH: Its Properties, Composition, and Structure","Earth, The: Its Properties, Composition, and Structure",observed_comma_article_colon,single_ocr_line,1,13,58,propaedia_pages/part_1/propaedia-2010-part-01-photo-13.jpg
5,866,"ECLIPSE, OCCULTATION, AND TRANSIT","Eclipse, Occultation, and Transit",direct,single_ocr_line,1,13,58,propaedia_pages/part_1/propaedia-2010-part-01-photo-13.jpg
13,828,The PHYSICAL SCIENCES,"Physical Sciences, The",observed_comma_flip,single_ocr_line,1,13,58,propaedia_pages/part_1/propaedia-2010-part-01-photo-13.jpg
15,452,The SOLAR SYSTEM,"Solar System, The",observed_comma_flip,single_ocr_line,1,13,58,propaedia_pages/part_1/propaedia-2010-part-01-photo-13.jpg
5,569,"The EARTH: Its Properties, Composition, and Structure","Earth, The: Its Properties, Composition, and Structure",observed_comma_article_colon,single_ocr_line,2,1,66,propaedia_pages/part_2/propaedia-2010-part-02-photo-01.jpg
15,452,The SOLAR SYSTEM,"Solar System, The",observed_comma_flip,single_ocr_line,2,1,66,propaedia_pages/part_2/propaedia-2010-part-02-photo-01.jpg
5,569,"The EARTH: Its Properties, Composition, and Structure","Earth, The: Its Properties, Composition, and Structure",observed_comma_article_colon,single_ocr_line,2,2,67,propaedia_pages/part_2/propaedia-2010-part-02-photo-02.jpg
12,162,MINERALS AND ROCKS,Minerals and Rocks,direct,single_ocr_line,2,2,67,propaedia_pages/part_2/propaedia-2010-part-02-photo-02.jpg
17,509,VOLCANISM,Volcanism,direct,single_ocr_line,2,2,67,propaedia_pages/part_2/propaedia-2010-part-02-photo-02.jpg
5,569,"The EARTH: Its Properties, Composition, and Structure","Earth, The: Its Properties, Composition, and Structure",observed_comma_article_colon,single_ocr_line,2,3,68,propaedia_pages/part_2/propaedia-2010-part-02-photo-03.jpg
5,655,EARTHQUAKES,Earthquakes,direct,single_ocr_line,2,3,68,propaedia_pages/part_2/propaedia-2010-part-02-photo-03.jpg
3,932,CHEMICAL ELEMENTS,Chemical Elements,direct,single_ocr_line,2,4,71,propaedia_pages/part_2/propaedia-2010-part-02-photo-04.jpg
5,569,"The EARTH: Its Properties, Composition, and Structure","Earth, The: Its Properties, Composition, and Structure",observed_comma_article_colon,single_ocr_line,2,4,71,propaedia_pages/part_2/propaedia-2010-part-02-photo-04.jpg
7,572,Fossil FUELS,"Fuels, Fossil",observed_comma_flip,single_ocr_line,2,4,71,propaedia_pages/part_2/propaedia-2010-part-02-photo-04.jpg
12,162,MINERALS AND ROCKS,Minerals and Rocks,direct,single_ocr_line,2,4,71,propaedia_pages/part_2/propaedia-2010-part-02-photo-04.jpg
17,509,VOLCANISM,Volcanism,direct,single_ocr_line,2,4,71,propaedia_pages/part_2/propaedia-2010-part-02-photo-04.jpg
2,315,ATMOSPHERE,Atmosphere,direct,single_ocr_line,2,5,74,propaedia_pages/part_2/propaedia-2010-part-02-photo-05.jpg
5,569,"The EARTH: Its Properties, Composition, and Structure","Earth, The: Its Properties, Composition, and Structure",observed_comma_article_colon,combined_fragment_titles,2,6,76,propaedia_pages/part_2/propaedia-2010-part-02-photo-06.jpg
10,531,LAKES,Lakes,direct,single_ocr_line,2,6,76,propaedia_pages/part_2/propaedia-2010-part-02-photo-06.jpg
13,134,OCEANS,Oceans,direct,single_ocr_line,2,6,76,propaedia_pages/part_2/propaedia-2010-part-02-photo-06.jpg
8,715,The HYDROSPHERE,"Hydrosphere, The",observed_comma_flip,single_ocr_line,2,6,76,propaedia_pages/part_2/propaedia-2010-part-02-photo-06.jpg
14,843,RIVERS,Rivers,direct,single_ocr_line,2,6,76,propaedia_pages/part_2/propaedia-2010-part-02-photo-06.jpg
8,732,ICE AND ICE FORMATIONS,Ice and Ice Formations,direct,single_ocr_line,2,6,76,propaedia_pages/part_2/propaedia-2010-part-02-photo-06.jpg
4,436,CLIMATE AND WEATHER,Climate and Weather,direct,single_ocr_line,2,7,78,propaedia_pages/part_2/propaedia-2010-part-02-photo-07.jpg
4,704,CONTINENTAL LANDFORMS,Continental Landforms,direct,single_ocr_line,2,8,80,propaedia_pages/part_2/propaedia-2010-part-02-photo-08.jpg
5,569,"The EARTH: Its Properties, Composition, and Structure","Earth, The: Its Properties, Composition, and Structure",observed_comma_article_colon,combined_fragment_titles,2,8,80,propaedia_pages/part_2/propaedia-2010-part-02-photo-08.jpg
13,134,OCEANS,Oceans,direct,single_ocr_line,2,8,80,propaedia_pages/part_2/propaedia-2010-part-02-photo-08.jpg
13,883,PLATE TECTONICS,Plate Tectonics,direct,single_ocr_line,2,8,80,propaedia_pages/part_2/propaedia-2010-part-02-photo-08.jpg
17,509,VOLCANISM,Volcanism,direct,single_ocr_line,2,8,80,propaedia_pages/part_2/propaedia-2010-part-02-photo-08.jpg
10,531,LAKES,Lakes,direct,single_ocr_line,2,9,84,propaedia_pages/part_2/propaedia-2010-part-02-photo-09.jpg
4,704,CONTINENTAL LANDFORMS,Continental Landforms,direct,single_ocr_line,2,9,84,propaedia_pages/part_2/propaedia-2010-part-02-photo-09.jpg
13,134,OCEANS,Oceans,direct,single_ocr_line,2,9,84,propaedia_pages/part_2/propaedia-2010-part-02-photo-09.jpg
5,569,"The EARTH: Its Properties, Composition, and Structure","Earth, The: Its Properties, Composition, and Structure",observed_comma_article_colon,combined_fragment_titles,2,9,84,propaedia_pages/part_2/propaedia-2010-part-02-photo-09.jpg
14,843,RIVERS,Rivers,direct,single_ocr_line,2,9,84,propaedia_pages/part_2/propaedia-2010-part-02-photo-09.jpg
15,441,SOILS,Soils,direct,single_ocr_line,2,9,84,propaedia_pages/part_2/propaedia-2010-part-02-photo-09.jpg
8,1,GEOMORPHIC PROCESSES,Geomorphic Processes,direct,single_ocr_line,2,9,84,propaedia_pages/part_2/propaedia-2010-part-02-photo-09.jpg
17,509,VOLCANISM,Volcanism,direct,single_ocr_line,2,9,84,propaedia_pages/part_2/propaedia-2010-part-02-photo-09.jpg
8,732,ICE AND ICE FORMATIONS,Ice and Ice Formations,direct,single_ocr_line,2,9,84,propaedia_pages/part_2/propaedia-2010-part-02-photo-09.jpg
2,315,ATMOSPHERE,Atmosphere,direct,single_ocr_line,2,10,86,propaedia_pages/part_2/propaedia-2010-part-02-photo-10.jpg
5,569,"The EARTH: Its Properties, Composition, and Structure","Earth, The: Its Properties, Composition, and Structure",observed_comma_article_colon,single_ocr_line,2,10,86,propaedia_pages/part_2/propaedia-2010-part-02-photo-10.jpg
13,883,PLATE TECTONICS,Plate Tectonics,direct,single_ocr_line,2,10,86,propaedia_pages/part_2/propaedia-2010-part-02-photo-10.jpg
17,509,VOLCANISM,Volcanism,direct,single_ocr_line,2,10,86,propaedia_pages/part_2/propaedia-2010-part-02-photo-10.jpg
5,569,"The EARTH: Its Properties, Composition, and Structure","Earth, The: Its Properties, Composition, and Structure",observed_comma_article_colon,single_ocr_line,2,11,88,propaedia_pages/part_2/propaedia-2010-part-02-photo-11.jpg
7,748,GEOCHRONOLOGY: The Interpretation and Dating of the Geologic Record,Geochronology: The Interpretation and Dating of the Geologic Record,direct,single_ocr_line,2,11,88,propaedia_pages/part_2/propaedia-2010-part-02-photo-11.jpg
5,569,"The EARTH: Its Properties, Composition, and Structure","Earth, The: Its Properties, Composition, and Structure",observed_comma_article_colon,single_ocr_line,2,12,89,propaedia_pages/part_2/propaedia-2010-part-02-photo-12.jpg
7,748,GEOCHRONOLOGY: The Interpretation and Dating of the Geologic Record,Geochronology: The Interpretation and Dating of the Geologic Record,direct,single_ocr_line,2,12,89,propaedia_pages/part_2/propaedia-2010-part-02-photo-12.jpg
17,509,VOLCANISM,Volcanism,direct,single_ocr_line,2,12,89,propaedia_pages/part_2/propaedia-2010-part-02-photo-12.jpg
8,361,Biological GROWTH AND DEVELOPMENT,"Growth and Development, Biological",observed_comma_flip,single_ocr_line,3,1,96,propaedia_pages/part_3/propaedia-2010-part-03-photo-01.jpg
1,766,ANIMALS,Animals,direct,single_ocr_line,3,1,96,propaedia_pages/part_3/propaedia-2010-part-03-photo-01.jpg
10,964,LIFE,Life,direct,single_ocr_line,3,1,96,propaedia_pages/part_3/propaedia-2010-part-03-photo-01.jpg
2,570,BACTERIA AND OTHER MONERANS,Bacteria and Other Monerans,direct,single_ocr_line,3,1,96,propaedia_pages/part_3/propaedia-2010-part-03-photo-01.jpg
11,893,METABOLISM,Metabolism,direct,single_ocr_line,3,1,96,propaedia_pages/part_3/propaedia-2010-part-03-photo-01.jpg
2,744,Animal BEHAVIOUR,"Behaviour, Animal",observed_comma_flip,single_ocr_line,3,1,96,propaedia_pages/part_3/propaedia-2010-part-03-photo-01.jpg
12,144,MIMICRY,Mimicry,direct,single_ocr_line,3,1,96,propaedia_pages/part_3/propaedia-2010-part-03-photo-01.jpg
2,1069,The BIOLOGICAL SCIENCES,"Biological Sciences, The",observed_comma_flip,single_ocr_line,3,1,96,propaedia_pages/part_3/propaedia-2010-part-03-photo-01.jpg
13,799,PHOTOSYNTHESIS,Photosynthesis,direct,single_ocr_line,3,1,96,propaedia_pages/part_3/propaedia-2010-part-03-photo-01.jpg
13,867,PLANTS,Plants,direct,single_ocr_line,3,1,96,propaedia_pages/part_3/propaedia-2010-part-03-photo-01.jpg
3,565,CELLS: Their Structures and Functions,Cells: Their Structures and Functions,direct,single_ocr_line,3,1,96,propaedia_pages/part_3/propaedia-2010-part-03-photo-01.jpg
14,268,PROTISTS,Protists,direct,single_ocr_line,3,1,96,propaedia_pages/part_3/propaedia-2010-part-03-photo-01.jpg
4,585,Biological COLORATION,"Coloration, Biological",observed_comma_flip,combined_2_adjacent_ocr_lines_reordered,3,1,96,propaedia_pages/part_3/propaedia-2010-part-03-photo-01.jpg
14,609,REPRODUCTION AND REPRODUCTIVE SYSTEMS,Reproduction and Reproductive Systems,direct,single_ocr_line,3,1,96,propaedia_pages/part_3/propaedia-2010-part-03-photo-01.jpg
6,855,The Theory of EVOLUTION,"Evolution, The Theory of",observed_comma_flip,single_ocr_line,3,1,96,propaedia_pages/part_3/propaedia-2010-part-03-photo-01.jpg
15,115,SENSORY RECEPTION,Sensory Reception,direct,single_ocr_line,3,1,96,propaedia_pages/part_3/propaedia-2010-part-03-photo-01.jpg
7,597,FUNGI,Fungi,direct,single_ocr_line,3,1,96,propaedia_pages/part_3/propaedia-2010-part-03-photo-01.jpg
7,699,The Principles of GENETICS AND HEREDITY,"Genetics and Heredity, The Principles of",observed_comma_flip,single_ocr_line,3,1,96,propaedia_pages/part_3/propaedia-2010-part-03-photo-01.jpg
4,585,Biological COLORATION,"Coloration, Biological",observed_comma_flip,single_ocr_line,3,2,97,propaedia_pages/part_3/propaedia-2010-part-03-photo-02.jpg
4,977,DARWIN,Darwin,direct,single_ocr_line,3,2,97,propaedia_pages/part_3/propaedia-2010-part-03-photo-02.jpg
6,812,Human EVOLUTION,"Evolution, Human",observed_comma_flip,single_ocr_line,3,2,97,propaedia_pages/part_3/propaedia-2010-part-03-photo-02.jpg
6,855,The Theory of EVOLUTION,"Evolution, The Theory of",observed_comma_flip,single_ocr_line,3,2,97,propaedia_pages/part_3/propaedia-2010-part-03-photo-02.jpg
12,144,MIMICRY,Mimicry,direct,single_ocr_line,3,2,97,propaedia_pages/part_3/propaedia-2010-part-03-photo-02.jpg
1,234,ALGAE,Algae,direct,single_ocr_line,3,3,100,propaedia_pages/part_3/propaedia-2010-part-03-photo-03.jpg
1,418,AMPHIBIANS,Amphibians,direct,single_ocr_line,3,3,100,propaedia_pages/part_3/propaedia-2010-part-03-photo-03.jpg
1,603,ANGIOSPERMS: The Flowering Plants,Angiosperms: The Flowering Plants,direct,combined_2_adjacent_ocr_lines,3,3,100,propaedia_pages/part_3/propaedia-2010-part-03-photo-03.jpg
1,766,ANIMALS,Animals,direct,single_ocr_line,3,3,100,propaedia_pages/part_3/propaedia-2010-part-03-photo-03.jpg
1,778,ANNELIDS,Annelids,direct,single_ocr_line,3,3,100,propaedia_pages/part_3/propaedia-2010-part-03-photo-03.jpg
1,853,ARACHNIDS,Arachnids,direct,single_ocr_line,3,3,100,propaedia_pages/part_3/propaedia-2010-part-03-photo-03.jpg
2,108,ARTHROPODS,Arthropods,direct,single_ocr_line,3,3,100,propaedia_pages/part_3/propaedia-2010-part-03-photo-03.jpg
2,122,ASCHELMINTHS,Aschelminths,direct,single_ocr_line,3,3,100,propaedia_pages/part_3/propaedia-2010-part-03-photo-03.jpg
2,570,BACTERIA AND OTHER MONERANS,Bacteria and Other Monerans,direct,combined_2_adjacent_ocr_lines,3,3,100,propaedia_pages/part_3/propaedia-2010-part-03-photo-03.jpg
3,1,BIRDS,Birds,direct,single_ocr_line,3,3,100,propaedia_pages/part_3/propaedia-2010-part-03-photo-03.jpg
3,252,BRYOPHYTES,Bryophytes,direct,single_ocr_line,3,3,100,propaedia_pages/part_3/propaedia-2010-part-03-photo-03.jpg
4,241,CHORDATES,Chordates,direct,single_ocr_line,3,3,100,propaedia_pages/part_3/propaedia-2010-part-03-photo-03.jpg
4,523,CNIDARIANS,Cnidarians,direct,single_ocr_line,3,3,100,propaedia_pages/part_3/propaedia-2010-part-03-photo-03.jpg
4,840,CRUSTACEANS,Crustaceans,direct,single_ocr_line,3,3,100,propaedia_pages/part_3/propaedia-2010-part-03-photo-03.jpg
5,315,DINOSAURS,Dinosaurs,direct,single_ocr_line,3,3,100,propaedia_pages/part_3/propaedia-2010-part-03-photo-03.jpg
5,857,ECHINODERMS,Echinoderms,direct,single_ocr_line,3,3,100,propaedia_pages/part_3/propaedia-2010-part-03-photo-03.jpg
7,163,FERNS AND OTHER LOWER VASCULAR PLANTS,Ferns and Other Lower Vascular Plants,direct,combined_3_adjacent_ocr_lines,3,3,100,propaedia_pages/part_3/propaedia-2010-part-03-photo-03.jpg
7,192,FISHES,Fishes,direct,single_ocr_line,3,3,100,propaedia_pages/part_3/propaedia-2010-part-03-photo-03.jpg
7,294,FLATWORMS: Phylum Platyhelminthes,Flatworms: Phylum Platyhelminthes,direct,combined_3_adjacent_ocr_lines,3,3,100,propaedia_pages/part_3/propaedia-2010-part-03-photo-03.jpg
7,597,FUNGI,Fungi,direct,single_ocr_line,3,3,100,propaedia_pages/part_3/propaedia-2010-part-03-photo-03.jpg
8,447,GYMNOSPERMS,Gymnosperms,direct,single_ocr_line,3,3,100,propaedia_pages/part_3/propaedia-2010-part-03-photo-03.jpg
9,648,INSECTS,Insects,direct,single_ocr_line,3,3,100,propaedia_pages/part_3/propaedia-2010-part-03-photo-03.jpg
11,339,MAMMALS,Mammals,direct,single_ocr_line,3,3,100,propaedia_pages/part_3/propaedia-2010-part-03-photo-03.jpg
12,296,MOLLUSKS,Mollusks,direct,single_ocr_line,3,3,100,propaedia_pages/part_3/propaedia-2010-part-03-photo-03.jpg
12,365,Moss ANIMALS: Phylum Bryozoa,Moss Animals: Phylum Bryozoa,direct,combined_2_adjacent_ocr_lines,3,3,100,propaedia_pages/part_3/propaedia-2010-part-03-photo-03.jpg
13,867,PLANTS,Plants,direct,single_ocr_line,3,3,100,propaedia_pages/part_3/propaedia-2010-part-03-photo-03.jpg
14,268,PROTISTS,Protists,direct,single_ocr_line,3,3,100,propaedia_pages/part_3/propaedia-2010-part-03-photo-03.jpg
14,279,PROTOZOA,Protozoa,direct,single_ocr_line,3,3,100,propaedia_pages/part_3/propaedia-2010-part-03-photo-03.jpg
14,688,REPTILES,Reptiles,direct,single_ocr_line,3,3,100,propaedia_pages/part_3/propaedia-2010-part-03-photo-03.jpg
16,93,SPONGES: Phylum Porifera,Sponges: Phylum Porifera,direct,combined_2_adjacent_ocr_lines,3,3,100,propaedia_pages/part_3/propaedia-2010-part-03-photo-03.jpg
17,503,VIRUSES,Viruses,direct,single_ocr_line,3,3,100,propaedia_pages/part_3/propaedia-2010-part-03-photo-03.jpg
5,529,DRUGS AND DRUG ACTION,Drugs and Drug Action,direct,single_ocr_line,3,4,113,propaedia_pages/part_3/propaedia-2010-part-03-photo-04.jpg
2,1007,Biochemical Components of Organisms,Biochemical Components of Organisms,direct,single_ocr_line,3,4,113,propaedia_pages/part_3/propaedia-2010-part-03-photo-04.jpg
13,908,POISONS AND POISONING,Poisons and Poisoning,direct,single_ocr_line,3,4,113,propaedia_pages/part_3/propaedia-2010-part-03-photo-04.jpg
3,565,CELLS: Their Structures and Functions,Cells: Their Structures and Functions,direct,single_ocr_line,3,4,113,propaedia_pages/part_3/propaedia-2010-part-03-photo-04.jpg
3,777,CHEMICAL COMPOUNDS,Chemical Compounds,direct,single_ocr_line,3,4,113,propaedia_pages/part_3/propaedia-2010-part-03-photo-04.jpg
3,565,CELLS: Their Structures and Functions,Cells: Their Structures and Functions,direct,single_ocr_line,3,5,115,propaedia_pages/part_3/propaedia-2010-part-03-photo-05.jpg
11,893,METABOLISM,Metabolism,direct,single_ocr_line,3,5,115,propaedia_pages/part_3/propaedia-2010-part-03-photo-05.jpg
13,799,PHOTOSYNTHESIS,Photosynthesıs,direct,single_ocr_line,3,5,115,propaedia_pages/part_3/propaedia-2010-part-03-photo-05.jpg
3,565,CELLS: Their Structures and Functions,Cells: Their Structures and Functions,direct,single_ocr_line,3,6,116,propaedia_pages/part_3/propaedia-2010-part-03-photo-06.jpg
6,159,ELECTRICITY AND MAGNETISM,Electricity and Magnetism,direct,single_ocr_line,3,6,116,propaedia_pages/part_3/propaedia-2010-part-03-photo-06.jpg
12,452,MUSCLES AND MUSCLE SYSTEMS,Muscles and Muscle Systems,direct,single_ocr_line,3,6,116,propaedia_pages/part_3/propaedia-2010-part-03-photo-06.jpg
12,784,NERVES AND NERVOUS SYSTEMS,Nerves and Nervous Systems,direct,single_ocr_line,3,6,116,propaedia_pages/part_3/propaedia-2010-part-03-photo-06.jpg
3,565,CELLS: Their Structures and Functions,Cells: Their Structures and Functions,direct,single_ocr_line,3,7,118,propaedia_pages/part_3/propaedia-2010-part-03-photo-07.jpg
9,755,INTEGUMENTARY SYSTEMS,Integumentary Systems,direct,single_ocr_line,3,8,119,propaedia_pages/part_3/propaedia-2010-part-03-photo-08.jpg
1,766,ANIMALS,Animals,direct,single_ocr_line,3,8,119,propaedia_pages/part_3/propaedia-2010-part-03-photo-08.jpg
12,452,MUSCLES AND MUSCLE SYSTEMS,Muscles and Muscle Systems,direct,single_ocr_line,3,8,119,propaedia_pages/part_3/propaedia-2010-part-03-photo-08.jpg
3,125,BLOOD,Blood,direct,single_ocr_line,3,8,119,propaedia_pages/part_3/propaedia-2010-part-03-photo-08.jpg
12,784,NERVES AND NERVOUS SYSTEMS,Nerves and Nervous Systems,direct,single_ocr_line,3,8,119,propaedia_pages/part_3/propaedia-2010-part-03-photo-08.jpg
3,565,CELLS: Their Structures and Functions,Cells: Their Structures and Functions,direct,single_ocr_line,3,8,119,propaedia_pages/part_3/propaedia-2010-part-03-photo-08.jpg
13,867,PLANTS,Plants,direct,single_ocr_line,3,8,119,propaedia_pages/part_3/propaedia-2010-part-03-photo-08.jpg
4,377,CIRCULATION AND CIRCULATORY SYSTEMS,Circulation and Circulatory Systems,direct,single_ocr_line,3,8,119,propaedia_pages/part_3/propaedia-2010-part-03-photo-08.jpg
14,609,REPRODUCTION AND REPRODUCTIVE SYSTEMS,Reproduction and Reproductive Systems,direct,single_ocr_line,3,8,119,propaedia_pages/part_3/propaedia-2010-part-03-photo-08.jpg
5,275,DIGESTION AND DIGESTIVE SYSTEMS,Digestion and Digestive Systems,direct,single_ocr_line,3,8,119,propaedia_pages/part_3/propaedia-2010-part-03-photo-08.jpg
14,725,RESPIRATION AND RESPIRATORY SYSTEMS,Respiration and Respiratory Systems,direct,single_ocr_line,3,8,119,propaedia_pages/part_3/propaedia-2010-part-03-photo-08.jpg
6,287,ENDOCRINE SYSTEMS,Endocrine Systems,direct,single_ocr_line,3,8,119,propaedia_pages/part_3/propaedia-2010-part-03-photo-08.jpg
16,272,SUPPORTIVE AND CONNECTIVE TISSUES,Supportive and Connective Tissues,direct,single_ocr_line,3,8,119,propaedia_pages/part_3/propaedia-2010-part-03-photo-08.jpg
7,1,EXCRETION AND EXCRETORY SYSTEMS,Excretion and Excretory Systems,direct,single_ocr_line,3,8,119,propaedia_pages/part_3/propaedia-2010-part-03-photo-08.jpg
6,287,ENDOCRINE SYSTEMS,Endocrine Systems,direct,single_ocr_line,3,9,121,propaedia_pages/part_3/propaedia-2010-part-03-photo-09.jpg
12,784,NERVES AND NERVOUS SYSTEMS,Nerves and Nervous Systems,direct,single_ocr_line,3,9,121,propaedia_pages/part_3/propaedia-2010-part-03-photo-09.jpg
15,115,SENSORY RECEPTION,Sensory Reception,direct,single_ocr_line,3,9,121,propaedia_pages/part_3/propaedia-2010-part-03-photo-09.jpg
9,755,INTEGUMENTARY SYSTEMS,Integumentary Systems,direct,single_ocr_line,3,10,123,propaedia_pages/part_3/propaedia-2010-part-03-photo-10.jpg
12,452,MUSCLES AND MUSCLE SYSTEMS,Muscles and Muscle Systems,direct,single_ocr_line,3,10,123,propaedia_pages/part_3/propaedia-2010-part-03-photo-10.jpg
16,272,SUPPORTIVE AND CONNECTIVE TISSUES,Supportive and Connective Tissues,direct,single_ocr_line,3,10,123,propaedia_pages/part_3/propaedia-2010-part-03-photo-10.jpg
5,275,DIGESTION AND DIGESTIVE SYSTEMS,Digestion and Digestive Systems,direct,single_ocr_line,3,11,124,propaedia_pages/part_3/propaedia-2010-part-03-photo-11.jpg
13,50,NUTRITION,Nutrition,direct,single_ocr_line,3,11,124,propaedia_pages/part_3/propaedia-2010-part-03-photo-11.jpg
3,565,CELLS: Their Structures and Functions,Cells: Their Structures and Functions,direct,single_ocr_line,3,12,125,propaedia_pages/part_3/propaedia-2010-part-03-photo-12.jpg
4,377,CIRCULATION AND CIRCULATORY SYSTEMS,Circulation and Circulatory Systems,direct,single_ocr_line,3,12,125,propaedia_pages/part_3/propaedia-2010-part-03-photo-12.jpg
7,1,EXCRETION AND EXCRETORY SYSTEMS,Excretion and Excretory Systems,direct,single_ocr_line,3,12,125,propaedia_pages/part_3/propaedia-2010-part-03-photo-12.jpg
14,725,RESPIRATION AND RESPIRATORY SYSTEMS,Respiration and Respiratory Systems,direct,single_ocr_line,3,12,125,propaedia_pages/part_3/propaedia-2010-part-03-photo-12.jpg
2,744,Animal BEHAVIOUR,"Behaviour, Animal",observed_comma_flip,single_ocr_line,3,13,127,propaedia_pages/part_3/propaedia-2010-part-03-photo-13.jpg
14,609,REPRODUCTION AND REPRODUCTIVE SYSTEMS,Reproduction and Reproductive Systems,direct,single_ocr_line,3,13,127,propaedia_pages/part_3/propaedia-2010-part-03-photo-13.jpg
15,233,SEX AND SEXUALITY,Sex and Sexuality,direct,single_ocr_line,3,13,127,propaedia_pages/part_3/propaedia-2010-part-03-photo-13.jpg
4,982,DEATH,Death,direct,single_ocr_line,3,14,128,propaedia_pages/part_3/propaedia-2010-part-03-photo-14.jpg
8,361,Biological GROWTH AND DEVELOPMENT,"Growth and Development, Biological",observed_comma_flip,single_ocr_line,3,14,128,propaedia_pages/part_3/propaedia-2010-part-03-photo-14.jpg
7,699,The Principles of GENETICS AND HEREDITY,"Genetics and Heredity, The Principles of",observed_comma_flip,single_ocr_line,3,15,129,propaedia_pages/part_3/propaedia-2010-part-03-photo-15.jpg
2,744,Animal BEHAVIOUR,"Behaviour, Animal",observed_comma_flip,single_ocr_line,3,16,130,propaedia_pages/part_3/propaedia-2010-part-03-photo-16.jpg
2,744,Animal BEHAVIOUR,"Behaviour, Animal",observed_comma_flip,single_ocr_line,3,17,131,propaedia_pages/part_3/propaedia-2010-part-03-photo-17.jpg
10,854,Animal LEARNING,"Learning, Animal",observed_comma_flip,single_ocr_line,3,17,131,propaedia_pages/part_3/propaedia-2010-part-03-photo-17.jpg
2,744,Animal BEHAVIOUR,"Behaviour, Animal",observed_comma_flip,single_ocr_line,3,19,134,propaedia_pages/part_3/propaedia-2010-part-03-photo-19.jpg
4,982,DEATH,Death,direct,single_ocr_line,3,20,135,propaedia_pages/part_3/propaedia-2010-part-03-photo-20.jpg
5,341,DISEASE,Disease,direct,single_ocr_line,3,20,135,propaedia_pages/part_3/propaedia-2010-part-03-photo-20.jpg
8,773,IMMUNITY,Immunity,direct,single_ocr_line,3,20,135,propaedia_pages/part_3/propaedia-2010-part-03-photo-20.jpg
2,1127,The BIOSPHERE and Concepts of Ecology,"Biosphere and Concepts of Ecology, The",observed_comma_flip,combined_2_fragment_titles,3,21,137,propaedia_pages/part_3/propaedia-2010-part-03-photo-21.jpg
14,843,RIVERS,Rivers,direct,single_ocr_line,3,21,137,propaedia_pages/part_3/propaedia-2010-part-03-photo-21.jpg
16,903,TREES,Trees,direct,single_ocr_line,3,21,137,propaedia_pages/part_3/propaedia-2010-part-03-photo-21.jpg
10,531,LAKES,Lakes,direct,single_ocr_line,3,21,137,propaedia_pages/part_3/propaedia-2010-part-03-photo-21.jpg
13,134,OCEANS,Oceans,direct,single_ocr_line,3,21,137,propaedia_pages/part_3/propaedia-2010-part-03-photo-21.jpg
7,87,FARMING and Agricultural Technology,Farming and Agricultural Technology,direct,single_ocr_line,3,22,138,propaedia_pages/part_3/propaedia-2010-part-03-photo-22.jpg
2,1127,The BIOSPHERE and Concepts of Ecology,"Biosphere and Concepts of Ecology, The",observed_comma_flip,single_ocr_line,3,22,138,propaedia_pages/part_3/propaedia-2010-part-03-photo-22.jpg
7,410,FORESTRY AND WOOD PRODUCTION,Forestry and Wood Production,direct,single_ocr_line,3,22,138,propaedia_pages/part_3/propaedia-2010-part-03-photo-22.jpg
3,561,Domestic CATS,"Cats, Domestic",observed_comma_flip,single_ocr_line,3,22,138,propaedia_pages/part_3/propaedia-2010-part-03-photo-22.jpg
7,670,GARDENING AND HORTICULTURE,Gardening and Horticulture,direct,single_ocr_line,3,22,138,propaedia_pages/part_3/propaedia-2010-part-03-photo-22.jpg
8,646,HORSES AND HORSEMANSHIP,Horses and Horsemanship,direct,single_ocr_line,3,22,138,propaedia_pages/part_3/propaedia-2010-part-03-photo-22.jpg
5,440,DOGS,Dogs,direct,single_ocr_line,3,22,138,propaedia_pages/part_3/propaedia-2010-part-03-photo-22.jpg
