part_number,capture_sequence,propaedia_page_reference,image_relative_path,sort_order,observed_title,extraction_method,match_method,matched_title,risk_reason,review_status,corrected_observed_title,corrected_matched_title,notes
1,1,22,propaedia_pages/part_1/propaedia-2010-part-01-photo-01.jpg,1,"Analysis and Measurement, Physical and Chemical",single_ocr_line,observed_comma_flip,Physical and Chemical ANALYSIS AND MEASUREMENT,observed_comma_flip,verified,,,
1,1,22,propaedia_pages/part_1/propaedia-2010-part-01-photo-01.jpg,3,"Physical Science, Principles of",single_ocr_line,observed_comma_flip,Principles of PHYSICAL SCIENCE,observed_comma_flip,verified,,,
1,1,22,propaedia_pages/part_1/propaedia-2010-part-01-photo-01.jpg,4,"Physical Sciences, The",single_ocr_line,observed_comma_flip,The PHYSICAL SCIENCES,observed_comma_flip,verified,,,
1,2,26,propaedia_pages/part_1/propaedia-2010-part-01-photo-02.jpg,2,"Analysis and Measurement, Physical and Chemical",single_ocr_line,observed_comma_flip,Physical and Chemical ANALYSIS AND MEASUREMENT,observed_comma_flip,verified,,,
1,2,26,propaedia_pages/part_1/propaedia-2010-part-01-photo-02.jpg,3,Subatomic Particles,combined_fragment_titles,direct,SUBATOMIC PARTICLES,ocr_line_recombination,verified,,,
1,2,26,propaedia_pages/part_1/propaedia-2010-part-01-photo-02.jpg,5,"Physical Sciences, The",single_ocr_line,observed_comma_flip,The PHYSICAL SCIENCES,observed_comma_flip,verified,,,
1,5,36,propaedia_pages/part_1/propaedia-2010-part-01-photo-05.jpg,2,"Physical Sciences, The",single_ocr_line,observed_comma_flip,The PHYSICAL SCIENCES,observed_comma_flip,verified,,,
1,6,39,propaedia_pages/part_1/propaedia-2010-part-01-photo-06.jpg,2,"Physical Sciences, The",single_ocr_line,observed_comma_flip,The PHYSICAL SCIENCES,observed_comma_flip,verified,,,
1,6,39,propaedia_pages/part_1/propaedia-2010-part-01-photo-06.jpg,3,"Thermodynamics, Principles of",single_ocr_line,observed_comma_flip,Principles of THERMODYNAMICS,observed_comma_flip,verified,,,
1,10,50,propaedia_pages/part_1/propaedia-2010-part-01-photo-10.jpg,3,"Optics, Principles of",single_ocr_line,observed_comma_flip,Principles of OPTICS,observed_comma_flip,verified,,,
1,11,53,propaedia_pages/part_1/propaedia-2010-part-01-photo-11.jpg,1,"Analysis and Measurement, Physical and Chemical",single_ocr_line,observed_comma_flip,Physical and Chemical ANALYSIS AND MEASUREMENT,observed_comma_flip,verified,,,
1,11,53,propaedia_pages/part_1/propaedia-2010-part-01-photo-11.jpg,2,"Cosmos, The",single_ocr_line,observed_comma_flip,The Cosmos,observed_comma_flip,verified,,,
1,11,53,propaedia_pages/part_1/propaedia-2010-part-01-photo-11.jpg,4,"Physical Sciences, The",single_ocr_line,observed_comma_flip,The PHYSICAL SCIENCES,observed_comma_flip,verified,,,
1,12,55,propaedia_pages/part_1/propaedia-2010-part-01-photo-12.jpg,1,"Cosmos, The",single_ocr_line,observed_comma_flip,The Cosmos,observed_comma_flip,verified,,,
1,12,55,propaedia_pages/part_1/propaedia-2010-part-01-photo-12.jpg,4,"Physical Sciences, The",single_ocr_line,observed_comma_flip,The PHYSICAL SCIENCES,observed_comma_flip,verified,,,
1,13,58,propaedia_pages/part_1/propaedia-2010-part-01-photo-13.jpg,2,"Earth, The: Its Properties, Composition, and Structure",single_ocr_line,observed_comma_article_colon,"The EARTH: Its Properties, Composition, and Structure",observed_comma_article_colon,verified,,,
1,13,58,propaedia_pages/part_1/propaedia-2010-part-01-photo-13.jpg,4,"Physical Sciences, The",single_ocr_line,observed_comma_flip,The PHYSICAL SCIENCES,observed_comma_flip,verified,,,
1,13,58,propaedia_pages/part_1/propaedia-2010-part-01-photo-13.jpg,5,"Solar System, The",single_ocr_line,observed_comma_flip,The SOLAR SYSTEM,observed_comma_flip,verified,,,
2,1,66,propaedia_pages/part_2/propaedia-2010-part-02-photo-01.jpg,1,"Earth, The: Its Properties, Composition, and Structure",single_ocr_line,observed_comma_article_colon,"The EARTH: Its Properties, Composition, and Structure",observed_comma_article_colon,verified,,,
2,1,66,propaedia_pages/part_2/propaedia-2010-part-02-photo-01.jpg,2,"Solar System, The",single_ocr_line,observed_comma_flip,The SOLAR SYSTEM,observed_comma_flip,verified,,,
2,2,67,propaedia_pages/part_2/propaedia-2010-part-02-photo-02.jpg,1,"Earth, The: Its Properties, Composition, and Structure",single_ocr_line,observed_comma_article_colon,"The EARTH: Its Properties, Composition, and Structure",observed_comma_article_colon,verified,,,
2,3,68,propaedia_pages/part_2/propaedia-2010-part-02-photo-03.jpg,1,"Earth, The: Its Properties, Composition, and Structure",single_ocr_line,observed_comma_article_colon,"The EARTH: Its Properties, Composition, and Structure",observed_comma_article_colon,verified,,,
2,4,71,propaedia_pages/part_2/propaedia-2010-part-02-photo-04.jpg,2,"Earth, The: Its Properties, Composition, and Structure",single_ocr_line,observed_comma_article_colon,"The EARTH: Its Properties, Composition, and Structure",observed_comma_article_colon,verified,,,
2,4,71,propaedia_pages/part_2/propaedia-2010-part-02-photo-04.jpg,3,"Fuels, Fossil",single_ocr_line,observed_comma_flip,Fossil FUELS,observed_comma_flip,verified,,,
2,6,76,propaedia_pages/part_2/propaedia-2010-part-02-photo-06.jpg,1,"Earth, The: Its Properties, Composition, and Structure",combined_fragment_titles,observed_comma_article_colon,"The EARTH: Its Properties, Composition, and Structure",ocr_line_recombination|observed_comma_article_colon,verified,,,
2,6,76,propaedia_pages/part_2/propaedia-2010-part-02-photo-06.jpg,4,"Hydrosphere, The",single_ocr_line,observed_comma_flip,The HYDROSPHERE,observed_comma_flip,verified,,,
2,8,80,propaedia_pages/part_2/propaedia-2010-part-02-photo-08.jpg,2,"Earth, The: Its Properties, Composition, and Structure",combined_fragment_titles,observed_comma_article_colon,"The EARTH: Its Properties, Composition, and Structure",ocr_line_recombination|observed_comma_article_colon,verified,,,
2,9,84,propaedia_pages/part_2/propaedia-2010-part-02-photo-09.jpg,4,"Earth, The: Its Properties, Composition, and Structure",combined_fragment_titles,observed_comma_article_colon,"The EARTH: Its Properties, Composition, and Structure",ocr_line_recombination|observed_comma_article_colon,verified,,,
2,10,86,propaedia_pages/part_2/propaedia-2010-part-02-photo-10.jpg,2,"Earth, The: Its Properties, Composition, and Structure",single_ocr_line,observed_comma_article_colon,"The EARTH: Its Properties, Composition, and Structure",observed_comma_article_colon,verified,,,
2,11,88,propaedia_pages/part_2/propaedia-2010-part-02-photo-11.jpg,1,"Earth, The: Its Properties, Composition, and Structure",single_ocr_line,observed_comma_article_colon,"The EARTH: Its Properties, Composition, and Structure",observed_comma_article_colon,verified,,,
2,12,89,propaedia_pages/part_2/propaedia-2010-part-02-photo-12.jpg,1,"Earth, The: Its Properties, Composition, and Structure",single_ocr_line,observed_comma_article_colon,"The EARTH: Its Properties, Composition, and Structure",observed_comma_article_colon,verified,,,
3,1,96,propaedia_pages/part_3/propaedia-2010-part-03-photo-01.jpg,1,"Growth and Development, Biological",single_ocr_line,observed_comma_flip,Biological GROWTH AND DEVELOPMENT,observed_comma_flip,verified,,,
3,1,96,propaedia_pages/part_3/propaedia-2010-part-03-photo-01.jpg,6,"Behaviour, Animal",single_ocr_line,observed_comma_flip,Animal BEHAVIOUR,observed_comma_flip,verified,,,
3,1,96,propaedia_pages/part_3/propaedia-2010-part-03-photo-01.jpg,8,"Biological Sciences, The",single_ocr_line,observed_comma_flip,The BIOLOGICAL SCIENCES,observed_comma_flip,verified,,,
3,1,96,propaedia_pages/part_3/propaedia-2010-part-03-photo-01.jpg,14,"Coloration, Biological",combined_2_adjacent_ocr_lines_reordered,observed_comma_flip,Biological COLORATION,ocr_line_recombination|observed_comma_flip,verified,,,
3,1,96,propaedia_pages/part_3/propaedia-2010-part-03-photo-01.jpg,16,"Evolution, The Theory of",single_ocr_line,observed_comma_flip,The Theory of EVOLUTION,observed_comma_flip,verified,,,
3,1,96,propaedia_pages/part_3/propaedia-2010-part-03-photo-01.jpg,19,"Genetics and Heredity, The Principles of",single_ocr_line,observed_comma_flip,The Principles of GENETICS AND HEREDITY,observed_comma_flip,verified,,,
3,2,97,propaedia_pages/part_3/propaedia-2010-part-03-photo-02.jpg,1,"Coloration, Biological",single_ocr_line,observed_comma_flip,Biological COLORATION,observed_comma_flip,verified,,,
3,2,97,propaedia_pages/part_3/propaedia-2010-part-03-photo-02.jpg,3,"Evolution, Human",single_ocr_line,observed_comma_flip,Human EVOLUTION,observed_comma_flip,verified,,,
3,2,97,propaedia_pages/part_3/propaedia-2010-part-03-photo-02.jpg,4,"Evolution, The Theory of",single_ocr_line,observed_comma_flip,The Theory of EVOLUTION,observed_comma_flip,verified,,,
3,3,100,propaedia_pages/part_3/propaedia-2010-part-03-photo-03.jpg,3,Angiosperms: The Flowering Plants,combined_2_adjacent_ocr_lines,direct,ANGIOSPERMS: The Flowering Plants,ocr_line_recombination,verified,,,
3,3,100,propaedia_pages/part_3/propaedia-2010-part-03-photo-03.jpg,9,Bacteria and Other Monerans,combined_2_adjacent_ocr_lines,direct,BACTERIA AND OTHER MONERANS,ocr_line_recombination,verified,,,
3,3,100,propaedia_pages/part_3/propaedia-2010-part-03-photo-03.jpg,17,Ferns and Other Lower Vascular Plants,combined_3_adjacent_ocr_lines,direct,FERNS AND OTHER LOWER VASCULAR PLANTS,ocr_line_recombination,verified,,,
3,3,100,propaedia_pages/part_3/propaedia-2010-part-03-photo-03.jpg,19,Flatworms: Phylum Platyhelminthes,combined_3_adjacent_ocr_lines,direct,FLATWORMS: Phylum Platyhelminthes,ocr_line_recombination,verified,,,
3,3,100,propaedia_pages/part_3/propaedia-2010-part-03-photo-03.jpg,23,Lamp Shells: Phylum Brachiopoda,forced_combined_3_adjacent_ocr_lines,,,ocr_line_recombination,verified,,,
3,3,100,propaedia_pages/part_3/propaedia-2010-part-03-photo-03.jpg,26,Moss Animals: Phylum Bryozoa,combined_2_adjacent_ocr_lines,direct,Moss ANIMALS: Phylum Bryozoa,ocr_line_recombination,verified,,,
3,3,100,propaedia_pages/part_3/propaedia-2010-part-03-photo-03.jpg,31,Sponges: Phylum Porifera,combined_2_adjacent_ocr_lines,direct,SPONGES: Phylum Porifera,ocr_line_recombination,verified,,,
3,13,127,propaedia_pages/part_3/propaedia-2010-part-03-photo-13.jpg,1,"Behaviour, Animal",single_ocr_line,observed_comma_flip,Animal BEHAVIOUR,observed_comma_flip,verified,,,
3,14,128,propaedia_pages/part_3/propaedia-2010-part-03-photo-14.jpg,2,"Growth and Development, Biological",single_ocr_line,observed_comma_flip,Biological GROWTH AND DEVELOPMENT,observed_comma_flip,verified,,,
3,15,129,propaedia_pages/part_3/propaedia-2010-part-03-photo-15.jpg,1,"Genetics and Heredity, The Principles of",single_ocr_line,observed_comma_flip,The Principles of GENETICS AND HEREDITY,observed_comma_flip,verified,,,
3,16,130,propaedia_pages/part_3/propaedia-2010-part-03-photo-16.jpg,1,"Behaviour, Animal",single_ocr_line,observed_comma_flip,Animal BEHAVIOUR,observed_comma_flip,verified,,,
3,17,131,propaedia_pages/part_3/propaedia-2010-part-03-photo-17.jpg,1,"Behaviour, Animal",single_ocr_line,observed_comma_flip,Animal BEHAVIOUR,observed_comma_flip,verified,,,
3,17,131,propaedia_pages/part_3/propaedia-2010-part-03-photo-17.jpg,2,"Learning, Animal",single_ocr_line,observed_comma_flip,Animal LEARNING,observed_comma_flip,verified,,,
3,19,134,propaedia_pages/part_3/propaedia-2010-part-03-photo-19.jpg,1,"Behaviour, Animal",single_ocr_line,observed_comma_flip,Animal BEHAVIOUR,observed_comma_flip,verified,,,
3,21,137,propaedia_pages/part_3/propaedia-2010-part-03-photo-21.jpg,1,"Biosphere and Concepts of Ecology, The",combined_2_fragment_titles,observed_comma_flip,The BIOSPHERE and Concepts of Ecology,ocr_line_recombination|observed_comma_flip,verified,,,
3,22,138,propaedia_pages/part_3/propaedia-2010-part-03-photo-22.jpg,2,"Biosphere and Concepts of Ecology, The",single_ocr_line,observed_comma_flip,The BIOSPHERE and Concepts of Ecology,observed_comma_flip,verified,,,
3,22,138,propaedia_pages/part_3/propaedia-2010-part-03-photo-22.jpg,4,"Cats, Domestic",single_ocr_line,observed_comma_flip,Domestic CATS,observed_comma_flip,verified,,,
